Date,Description,Original Description,Category,Amount,Status
2026-03-10,"Amazon","AMAZON MARK* BP0FO1GC1   AMAZON.COM/MAWA",Shopping,-28.95,Posted
2026-03-09,"Atlantic Energy Services","ATLANTIC ENERGY  SERVICES   ***********7236",Utilities,-157.84,Posted
2026-03-09,"Waller Co Mud","WALLER CO MUD 37 FBS MDS WA ***********",Utilities,-108.00,Posted
2026-03-09,"Alibaba Group - Klarna","Klarna*Alibaba.com       Columbus     OH",Financial,-126.18,Posted
2026-03-09,"Petco.com","PETCO.COM 6989           858-453-7845 CA",Pets,-102.83,Posted
2026-03-09,"Chevron","CHEVRON 0387710          KATY         TX",Gas,-34.94,Posted
2026-03-09,"Circle Medical Circlemedicalca","CIRCLE MEDICAL           CIRCLEMEDICALCA",Doctor,-20.00,Posted
2026-03-09,"Amazon","AMAZON.COM               SEATTLE      WA",Shopping,-11.54,Posted
2026-03-09,"Amazon","AMAZON MARK* BP88C59U2   AMAZON.COM/MAWA",Shopping,-9.21,Posted
2026-03-06,"Department of Education","DEPT EDUCATION   STUDENT LN ***********0000",Student Loan,-262.18,Posted
2026-03-06,"BENEFEDS Dental and Vision","FEDVIP-BENEFEDS  FEDVIPPREM ***********4V01",Health & Fitness,-12.37,Posted
2026-03-06,"Zelle Transfer to Micah Morrill","Zelle: Micah Morrill",Transfer,-1000.00,Posted
2026-03-06,"Wayfair","WF* WAYFAIR4426549095    WAYFAIR.COM  MA",Furnishings,-9.66,Posted
2026-03-05,"Apple","APPLE COM                CUPERTINO    CA",Electronics & Software,-2.99,Posted
2026-03-05,"PayPal Transfer","PAYPAL           TRANSFER   ***********3740",Income,2273.81,Posted
2026-03-04,"Overdraft Fee Window Refund","OD FEE WINDOW REFUND",Fees & Charges,29.00,Posted
2026-03-04,"OD FEE - ITEM PAID - ACH - PAYPAL          INST XFER","OD FEE - ITEM PAID - ACH - PAYPAL          INST XFER",Uncategorized,-29.00,Posted
2026-03-04,"Progressive","PROG COUNTY MUT  INS PREM   ***********icah",Financial,-236.29,Posted
2026-03-04,"Capital One Credit Card Payment","CAPITAL ONE      CRCARDPMT  ***********19AA",Credit Card Payment,-60.00,Posted
2026-03-04,"Adobe","Adobe Inc                800-8336687  CA",Electronics & Software,-29.99,Posted
2026-03-04,"Transfer from Cash App","CASH APP*MICAH MORRILL*  Oakland      CA",Transfer,34.32,Posted
2026-03-04,"Zelle Transfer from Micah Morrill","Zelle: Micah Morrill",Income,1100.00,Posted
2026-03-03,"PayPal Purchase","PAYPAL           INST XFER  ***********REZQ",Uncategorized,-2273.81,Posted
2026-03-03,"Kia Motors Finance","KMF              KMFUSA.com ***********4937",Auto Payment,-527.73,Posted
2026-03-03,"The Home Depot","HOME DEPOT       AUTO PYMT  ***********0396",Home Improvement,-250.00,Posted
2026-03-03,"Harris County Toll Road Authority","HCTRA EFT        EZTAGSTPPD ***********7223",Auto & Transport,-10.00,Posted
2026-03-03,"McDonald's","MCDONALD'S F40992        KATY         TX",Fast Food,-20.52,Posted
2026-03-03,"PayPal Purchase","PAYPAL*Morrill Micah     Visa Direct  CA",Uncategorized,35.09,Posted
2026-03-02,"M&T Mortgage","M & T MORTGAGE   MTG PYT    ***********6182",Mortgage & Rent,-1558.50,Posted
2026-03-02,"Hyundai Motor Finance","HMF              HMFUSA.com ***********5062",Auto Payment,-869.76,Posted
2026-03-02,"CenterPoint Energy","CPENERGY ENTEX   ENT ACH DR ***********7098",Utilities,-56.00,Posted
2026-03-02,"PayPal Purchase","PAYPAL           INST XFER  ***********.COM",Uncategorized,-24.99,Posted
2026-03-02,"Greenlight","GREENLIGHT       APP        ***********IGHT",Allowance,-20.00,Posted
2026-03-02,"USAA Funds Transfer DB","USAA FUNDS TRANSFER DB",Transfer,-500.00,Posted
2026-03-02,"Walmart","WAL-MART #3226           KATY         TX",Shopping,-53.42,Posted
2026-03-02,"ExxonMobil","EXXON TIME MART @ JORD   BROOKSHIRE   TX",Gas,-31.32,Posted
2026-03-02,"Affirm","AFFIRM * PAY 5ZH9HD65    855-423-3729 CA",Financial,-27.51,Posted
2026-03-02,"Roku","The Roku Channel         816-2728107  DE",Television,-26.79,Posted
2026-03-02,"YouTube Premium","GOOGLE *YouTubePremium   Mountain ViewCA",Entertainment,-22.99,Posted
2026-03-02,"Samsung","Samsung                  800-7267864  NJ",Electronics & Software,-16.24,Posted
2026-03-02,"Pinwheel.com","PINWHEEL KID PHONE       PINWHEEL.COM TX",Bills & Utilities,-14.99,Posted
2026-03-02,"McDonald's","MCDONALD'S F40992        KATY         TX",Fast Food,-8.64,Posted
2026-03-02,"Time Mart Jordan Ranch","TIME MART @ JORDAN RANCH BROOKSHIRE   TX",Gas,-6.69,Posted
2026-03-02,"Pokémon Go","GOOGLE *Pokemon          855-836-3987 CA",Electronics & Software,-2.99,Posted
2026-02-27,"H-E-B","HEB CURBSIDE             800-432-3113 TX",Groceries,-139.37,Posted
2026-02-27,"Alkami Technolog Payroll","ALKAMI TECHNOLOG PAYROLL    ***********3Y54",Paycheck,5297.33,Posted
2026-02-26,"Sunstrong Manage Payments","SUNSTRONG MANAGE PAYMENTS   ***********6231",Mortgage & Rent,-128.23,Posted
2026-02-25,"Music & Arts","MUSIC&ARTS.COM           888-731-5396 MD",Shopping,-52.55,Posted
2026-02-25,"Costco","COSTCO WHSE #1167        KATY         TX",Shopping,-9.48,Posted
2026-02-24,"Harris County Toll Road Authority","HCTRA EFT        EZTAGSTPPD ***********1578",Auto & Transport,-15.03,Posted
2026-02-23,"USAA Credit Card","USAA CREDIT CARD PAYMENT    ***********2531",Credit Card Payment,-534.00,Posted
2026-02-23,"USAA Credit Card","USAA CREDIT CARD PAYMENT    ***********4284",Credit Card Payment,-290.00,Posted
2026-02-23,"Barbecue Inn","BARBECUE INN             HOUSTON      TX",Restaurants,-144.98,Posted
2026-02-23,"Retrogames Retro Vide Retrovgames Cpa","RETROGAMES* RETRO VIDE   RETROVGAMES.CPA",Electronics & Software,-34.97,Posted
2026-02-23,"Tropicalnewsst","TROPICALNEWSST2528       MIAMI        FL",Newspapers & Magazines,-16.03,Posted
2026-02-23,"Audible","Audible*GL9K18AY3        Amzn.com/billNJ",Books,-14.95,Posted
2026-02-23,"Shipley Do-Nuts","SHIPLEY DO-NUTS FC0137   832-3817925  TX",Fast Food,-13.49,Posted
2026-02-20,"Robinhood","ROBINHOOD        Funds      ***********7009",Transfer,-100.00,Posted
2026-02-20,"H-E-B","HEB CURBSIDE             800-432-3113 TX",Groceries,-211.89,Posted
2026-02-20,"McDonald's","MCDONALD'S F13012        KATY         TX",Fast Food,-26.49,Posted
2026-02-19,"Department of Education","DEPT EDUCATION   STUDENT LN ***********O111",Student Loan,-262.18,Posted
2026-02-19,"H-E-B Gas/Carwash","H-E-B GAS/CARWASH #727   KATY         TX",Gas,-35.76,Posted
2026-02-19,"H-E-B","H-E-B #797               KATY         TX",Groceries,-27.91,Posted
2026-02-19,"Great Clips","0947 GREAT CLIPS AT GRA  KATY         TX",Hair,-22.00,Posted
2026-02-19,"Whataburger","WHATABURGER 1660         KATY         TX",Fast Food,-18.15,Posted
2026-02-19,"Glaze Doughnuts","SQ *GLAZE DOUGHNUTS      Katy         TX",Fast Food,-8.54,Posted
2026-02-18,"Interest Paid","INTEREST PAID",Interest Income,0.02,Posted
2026-02-18,"Fidium Fiber Cy","FIDIUM FIBER     BILLPAY    ***********CY P",Utilities,-86.45,Posted
2026-02-18,"Cash App Transfer to Micah Morrill","CASH APP*MICAH MORRILL*  Oakland      CA",Transfer,-25.00,Posted
2026-02-18,"Chevron","CHEVRON 0387710          KATY         TX",Gas,-8.43,Posted
2026-02-17,"M&T Mortgage","M & T MORTGAGE   MTG PYT    ***********6182",Mortgage & Rent,-1558.50,Posted
2026-02-17,"Capital One","CAPITAL ONE      TRANSFER   ***********7FB8",Transfer,-420.00,Posted
2026-02-17,"Citi Credit Card Payment","CITI AUTOPAY     PAYMENT    ***********0068",Credit Card Payment,-133.77,Posted
2026-02-17,"Greenlight","GREENLIGHT       APP        ***********IGHT",Allowance,-5.00,Posted
2026-02-17,"CVS","CVS/PHARMACY #01996      KATY         TX",Pharmacy,-67.09,Posted
2026-02-17,"Chevron","CHEVRON 0387710          KATY         TX",Gas,-41.12,Posted
2026-02-17,"Electronic Arts","EA *ELECTRONIC ARTS      help.ea.com  CA",Electronics & Software,-37.86,Posted
2026-02-17,"Electronic Arts","EA *ELECTRONIC ARTS      HELP.EA.COM  CA",Electronics & Software,-37.86,Posted
2026-02-17,"Disney+","Roku for Disney Electro  816-2728107  DE",Entertainment,-20.18,Posted
2026-02-17,"Barnes & Noble","BARNES & NOBLE #3557     KATY         TX",Books,-12.65,Posted
2026-02-17,"Peacock TV","Roku for Peacock TV LLC  816-2728107  DE",Television,-11.79,Posted
2026-02-17,"PJ's Coffee","SQ *PJ'S COFFEE OF NEW   Katy         TX",Coffee Shops,-10.61,Posted
2026-02-17,"Amazon","Amazon.com*B96SQ5C82     Amzn.com/billWA",Shopping,-8.19,Posted
2026-02-17,"Barnes & Noble","BARNES & NOBLE #3557     KATY         TX",Books,-7.20,Posted
2026-02-17,"Jimmy Changas","JIMMY CHANGAS KATY       KATY         TX",Restaurants,-4.23,Posted
2026-02-17,"The Home Depot","HOMEDEPOT.COM            800-430-3376 GA",Home Improvement,-3.24,Posted
2026-02-17,"CVS","CVS/PHARMACY #01996      KATY         TX",Pharmacy,-2.93,Posted
2026-02-13,"Barclaycard","BARCLAYCARD US   CREDITCARD ***********3614",Credit Card Payment,-343.10,Posted
2026-02-13,"Mavis","MAVIS02300               KATY         TX",Auto & Transport,-128.77,Posted
2026-02-13,"ExxonMobil","EXXON CHECKOUT #74       KATY         TX",Gas,-33.20,Posted
2026-02-13,"Kingdom Vending I Spring Tx via Cantaloupe","CTLP*KINGDOM VENDING I   SPRING       TX",Fast Food,-3.00,Posted
2026-02-12,"Marco's Pizza","MARCOS PIZZA - 5316      281-769-6777 TX",Fast Food,-17.15,Posted
2026-02-12,"Alkami Technolog Payroll","ALKAMI TECHNOLOG PAYROLL    ***********0Y54",Paycheck,5297.32,Posted
2026-02-10,"La Michoacana Meat Market","LA MICHOACANA SUPERMARK  KATY         TX",Groceries,-77.90,Posted
2026-02-10,"Amazon Digital Services","Amazon Digit*182TC7G43   888-802-3080 WA",Electronics & Software,-6.99,Posted
2026-02-09,"Waller Co Mud","WALLER CO MUD 37 FBS MDS WA ***********",Utilities,-108.00,Posted
2026-02-09,"Klarna","KLARNA* TICKPICK         KLARNA.COM   OH",Financial,-99.88,Posted
2026-02-09,"McDonald's","MCDONALD'S F40992        KATY         TX",Fast Food,-34.49,Posted
2026-02-09,"Glaze Doughnuts","SQ *GLAZE DOUGHNUTS      Katy         TX",Fast Food,-9.74,Posted
2026-02-09,"Chevron","CHEVRON 0387710          KATY         TX",Gas,-5.50,Posted
2026-02-06,"BENEFEDS Dental and Vision","FEDVIP-BENEFEDS  FEDVIPPREM ***********4V01",Health & Fitness,-12.37,Posted
2026-02-06,"H-E-B","H-E-B #797               KATY         TX",Groceries,-53.68,Posted
2026-02-06,"US Postal Service","USPS PO 4845770449       KATY         TX",Shipping,-13.98,Posted
2026-02-06,"Amazon Digital Services","Amazon Digit*CS92N2UK3   888-802-3080 WA",Electronics & Software,-4.99,Posted
2026-02-05,"CVS","CVS/PHARMACY #11 11098-  Katy         TX",Pharmacy,-44.97,Posted
2026-02-05,"Shell","SHELL OIL 57541840906    KATY         TX",Gas,-26.12,Posted
2026-02-05,"Glaze Doughnuts","SQ *GLAZE DOUGHNUTS      Katy         TX",Fast Food,-10.70,Posted
2026-02-05,"Apple","APPLE COM                CUPERTINO    CA",Electronics & Software,-2.99,Posted
2026-02-04,"Progressive","PROG COUNTY MUT  INS PREM   ***********icah",Financial,-236.33,Posted
2026-02-04,"Atlantic Energy Services","ATLANTIC ENERGY  SERVICES   ***********9251",Utilities,-234.38,Posted
2026-02-04,"Capital One Credit Card Payment","CAPITAL ONE      CRCARDPMT  ***********A5B1",Credit Card Payment,-63.00,Posted
2026-02-04,"Adobe","Adobe Inc                800-8336687  CA",Electronics & Software,-29.99,Posted
2026-02-04,"Walgreens","WALGREENS STORE 5161 FR  KATY         TX",Pharmacy,-29.22,Posted
2026-02-04,"Chick-fil-A","CHICK-FIL-A #02964       KATY         TX",Fast Food,-19.01,Posted
2026-02-04,"Glaze Doughnuts","SQ *GLAZE DOUGHNUTS      Katy         TX",Fast Food,-18.08,Posted
2026-02-03,"Kia Motors Finance","KMF              KMFUSA.com ***********4937",Auto Payment,-527.73,Posted
2026-02-03,"The Home Depot","HOME DEPOT       AUTO PYMT  ***********0182",Home Improvement,-250.00,Posted
2026-02-03,"Invest529 via Virginia529","INVEST529        PAYMENT    ***********1-67",Investments,-40.00,Posted
2026-02-03,"Glaze Doughnuts","SQ *GLAZE DOUGHNUTS      Katy         TX",Fast Food,-14.48,Posted
2026-02-02,"M&T Mortgage","M & T MORTGAGE   MTG PYT    ***********6182",Mortgage & Rent,-1558.50,Posted
2026-02-02,"Hyundai Motor Finance","HMF              HMFUSA.com ***********5062",Auto Payment,-869.76,Posted
2026-02-02,"Greenlight","GREENLIGHT       APP        ***********IGHT",Allowance,-20.00,Posted
2026-02-02,"The Toasted Yolk Cafe","THE TOASTED YOLK         KATY         TX",Restaurants,-104.00,Posted
2026-02-02,"H-E-B","H-E-B #797               KATY         TX",Groceries,-82.00,Posted
2026-02-02,"Jimmy Changas","JIMMY CHANGAS KATY       KATY         TX",Restaurants,-35.00,Posted
2026-02-02,"Affirm","AFFIRM * PAY ZI8YYQMI    855-423-3729 CA",Financial,-27.51,Posted
2026-02-02,"Wetzel's Pretzels","TST* WETZEL'S PRETZELS   KATY         TX",Fast Food,-27.46,Posted
2026-02-02,"Roku","The Roku Channel         816-2728107  DE",Television,-25.72,Posted
2026-02-02,"Firehouse Subs","FIREHOUSE SUBS 1405 QSR  KATY         TX",Fast Food,-25.00,Posted
2026-02-02,"Adobe","Adobe Inc                800-8336687  CA",Electronics & Software,-19.99,Posted
2026-02-02,"Samsung","Samsung                  800-7267864  NJ",Electronics & Software,-16.24,Posted
2026-02-02,"Samsung","Samsung                  samsung.com/uNJ",Electronics & Software,-16.24,Posted
2026-02-02,"H-E-B","H-E-B #797               KATY         TX",Groceries,-15.28,Posted
2026-02-02,"Pinwheel.com","PINWHEEL KID PHONE       PINWHEEL.COM TX",Bills & Utilities,-14.99,Posted
2026-02-02,"Coffee Fellows Katy Katy","SQ *COFFEE FELLOWS KATY  Katy         TX",Coffee Shops,-12.99,Posted
2026-02-02,"Adobe","Adobe Inc                800-8336687  CA",Electronics & Software,-11.99,Posted
2026-02-02,"Books-A-Million","BOOKS A MILLION 515      KATY         TX",Books,-9.35,Posted
2026-02-02,"Roku","The Roku Channel         816-2728107  DE",Television,-0.44,Posted
2026-01-30,"Zelle Transfer to Ana Cruz","Zelle: Ana Cruz",Transfer,-560.00,Posted
2026-01-30,"Petco.com","PETCO.COM 6989           858-453-7845 CA",Pets,-102.83,Posted
2026-01-30,"Barnes & Noble","BARNES & NOBLE #3557     KATY         TX",Books,-22.49,Posted
2026-01-30,"PJ's Coffee","SQ *PJ'S COFFEE OF NEW   Katy         TX",Coffee Shops,-10.45,Posted
2026-01-30,"Pokémon Go","GOOGLE *Pokemon          855-836-3987 CA",Electronics & Software,-2.99,Posted
2026-01-30,"Etsy","ETSY  INC.               BROOKLYN     NY",Shopping,-2.71,Posted
2026-01-29,"CenterPoint Energy","CPENERGY ENTEX   ENT ACH DR ***********7098",Utilities,-53.00,Posted
2026-01-29,"PayPal Purchase","PAYPAL           INST XFER  ***********.COM",Uncategorized,-24.99,Posted
2026-01-29,"Shell","SHELL OIL 57541840906    KATY         TX",Gas,-13.58,Posted
2026-01-29,"Prime Video","Prime Video Channels     amzn.com/billWA",Television,-12.99,Posted
2026-01-29,"CVS","CVS/PHARMACY #01996      KATY         TX",Pharmacy,-2.28,Posted
2026-01-29,"Alkami Technolog Payroll","ALKAMI TECHNOLOG PAYROLL    ***********6Y54",Paycheck,5297.33,Posted
2026-01-28,"PayPal Purchase","PAYPAL           INST XFER  ***********SPAY",Uncategorized,-1.08,Posted
2026-01-28,"YouTube Premium","GOOGLE *YouTubePremium   Mountain ViewCA",Entertainment,-22.99,Posted
2026-01-27,"Sunstrong Manage Payments","SUNSTRONG MANAGE PAYMENTS   ***********3377",Uncategorized,-128.23,Posted
2026-01-27,"USAA Transfer","USAA FUNDS TRANSFER CR",Transfer,361.50,Posted
2026-01-26,"Whiskey Beards Stud Katy","SQ *WHISKEY BEARDS STUD  KATY         TX",Hair,-117.30,Posted
2026-01-26,"Music & Arts","MUSIC&ARTS.COM           888-731-5396 MD",Shopping,-57.81,Posted
2026-01-26,"Chevron","CHEVRON 0387710          KATY         TX",Gas,-41.84,Posted
2026-01-26,"Loy Memhermanngohealthu","LOY*MEMHERMANNGOHEALTHU  281-947-0020 GA",Doctor,-30.00,Posted
2026-01-26,"Chevron","CHEVRON 0387710          KATY         TX",Gas,-27.89,Posted
2026-01-26,"La Michoacana Meat Market","LA MICHOACANA SUPERMARK  KATY         TX",Groceries,-26.01,Posted
2026-01-26,"Chevron","CHEVRON 0387710          KATY         TX",Gas,-18.97,Posted
2026-01-26,"Sunterra Liquors","Sunterra Liquors         Pearland     TX",Alcohol & Bars,-12.75,Posted
2026-01-26,"Kindle","Kindle Svcs*2Y6LY1MX3    888-802-3080 WA",Books,-10.99,Posted
2026-01-23,"Harris County Toll Road Authority","HCTRA EFT        EZTAGSTPPD ***********6919",Auto & Transport,-10.00,Posted
2026-01-23,"Eyeglass World","ALL AMERICAN EYEGLASS R  KATY         TX",Eyecare,-50.84,Posted
2026-01-22,"H-E-B","HEB CURBSIDE             800-432-3113 TX",Groceries,-187.79,Posted
2026-01-22,"Chevron","CHEVRON 0387710          KATY         TX",Gas,-41.12,Posted
2026-01-22,"H Mart","H MART KATY LLC          KATY         TX",Groceries,-25.47,Posted
2026-01-22,"Chevron","CHEVRON 0387710          KATY         TX",Gas,-17.77,Posted
2026-01-22,"Coffee Fellows Katy Katy","SQ *COFFEE FELLOWS KATY  Katy         TX",Coffee Shops,-16.14,Posted
2026-01-22,"Audible","Audible*164YI6GV3        Amzn.com/billNJ",Books,-14.95,Posted
2026-01-21,"USAA Credit Card","USAA CREDIT CARD PAYMENT    ***********2531",Credit Card Payment,-536.00,Posted
2026-01-21,"USAA Credit Card","USAA CREDIT CARD PAYMENT    ***********4284",Credit Card Payment,-292.00,Posted
2026-01-21,"Little Hands Lea","LITTLE HANDS LEA 2813943443 ***********5777",Babysitter & Daycare,-260.00,Posted
2026-01-21,"Robinhood","ROBINHOOD        Funds      ***********7009",Transfer,-100.00,Posted
2026-01-21,"Sushi Sakura Katy","SUSHI SAKURA - KATY      281-3964289  TX",Restaurants,-68.52,Posted
2026-01-21,"Wetzel's Pretzels","TST* WETZEL'S PRETZELS   KATY         TX",Fast Food,-16.00,Posted
2026-01-21,"Kindle","Kindle Svcs*ZZ0PC2T13    888-802-3080 WA",Books,-5.99,Posted
2026-01-20,"Fidium Fiber Cy","FIDIUM FIBER     BILLPAY    ***********CY P",Utilities,-86.45,Posted
2026-01-20,"Affirm","AFFIRM.COM PAYME AFFIRM.COM ***********N7N9",Financial,-55.43,Posted
2026-01-20,"Zelle Transfer to Itziar","Zelle: Itziar",Transfer,-100.00,Posted
2026-01-20,"Marco's Pizza","MARCOS PIZZA - 5316      281-769-6777 TX",Fast Food,-73.96,Posted
2026-01-20,"Cash App Transfer to Bree Ricotta","CASH APP*BREE RICOTTA    Oakland      CA",Transfer,-55.00,Posted
2026-01-20,"Tank?d and Loaded","SQ *TANK?D AND LOADED    Katy         TX",Fast Food,-53.58,Posted
2026-01-20,"Chevron","CHEVRON 0387710          KATY         TX",Gas,-48.11,Posted
2026-01-20,"Rooftop Cinema Club Rooftopcitx","ROOFTOP CINEMA CLUB -    WWW.ROOFTOPCITX",Movies & Dvds,-46.44,Posted
2026-01-20,"Rooftop Cinema Club","TST*ROOFTOP CINEMA CLUB  Houston      TX",Movies & Dvds,-38.48,Posted
2026-01-20,"Brookshire Brothers","BROOKSHIRE BROTHERS #9   KATY         TX",Groceries,-24.32,Posted
2026-01-20,"Disney+","Roku for Disney Electro  816-2728107  DE",Entertainment,-20.18,Posted
2026-01-20,"Glaze Doughnuts","SQ *GLAZE DOUGHNUTS      Katy         TX",Fast Food,-13.04,Posted
2026-01-20,"PJ's Coffee","SQ *PJ'S COFFEE OF NEW   Katy         TX",Coffee Shops,-13.01,Posted
2026-01-20,"Nintendo","Nintendo CA1549177409    800-2553700  WA",Electronics & Software,-6.41,Posted
2026-01-20,"Prime Video","Prime Video *053MC6QA3   888-802-3080 WA",Television,-5.99,Posted
2026-01-20,"CVS","CVS/PHARMACY #01 01996-  KATY         TX",Pharmacy,-4.08,Posted
2026-01-16,"Interest Paid","INTEREST PAID",Interest Income,0.02,Posted
2026-01-16,"Invest529 via Virginia529","INVEST529        PAYMENT    ***********3-57",Investments,-30.00,Posted
2026-01-16,"Invest529 via Virginia529","INVEST529        PAYMENT    ***********1-25",Investments,-20.00,Posted
2026-01-16,"Music & Arts","MUSIC & ARTS 1 C         888-731-5396 MD",Shopping,-52.55,Posted
2026-01-16,"Shell","SHELL OIL 57541840906    KATY         TX",Gas,-42.32,Posted
2026-01-16,"Peacock TV","Roku for Peacock TV LLC  816-2728107  DE",Television,-11.79,Posted
2026-01-16,"Roku","The Roku Channel         816-2728107  DE",Television,-7.61,Posted
2026-01-15,"Zelle Transfer to Ana Cruz","Zelle: Ana Cruz",Transfer,-255.00,Posted
2026-01-15,"H-E-B","HEB CURBSIDE             800-432-3113 TX",Groceries,-249.41,Posted
2026-01-15,"Amazon","AMAZON MKTPL*RO9XJ8Q73   Amzn.com/billWA",Shopping,-28.93,Posted
2026-01-15,"PJ's Coffee","SQ *PJ'S COFFEE OF NEW   Katy         TX",Coffee Shops,-27.07,Posted
2026-01-14,"M&T Mortgage","M & T MORTGAGE   MTG PYT    ***********6182",Mortgage & Rent,-1558.50,Posted
2026-01-14,"Capital One","CAPITAL ONE      TRANSFER   ***********C1FC",Transfer,-420.00,Posted
2026-01-14,"Firstmark","FIRSTMARK        PAYMENTS   ***********1304",Student Loan,-108.37,Posted
2026-01-14,"Citi Credit Card Payment","CITI AUTOPAY     PAYMENT    ***********0020",Credit Card Payment,-0.72,Posted
2026-01-14,"Adobe","Adobe Inc                800-8336687  CA",Electronics & Software,-22.99,Posted
2026-01-14,"Alkami Technolog Payroll","ALKAMI TECHNOLOG PAYROLL    ***********2Y54",Paycheck,5297.33,Posted
2026-01-13,"Barclaycard","BARCLAYCARD US   CREDITCARD ***********5978",Credit Card Payment,-339.71,Posted
2026-01-13,"Little Hands Lea","LITTLE HANDS LEA 2813943443 ***********2899",Babysitter & Daycare,-260.00,Posted
2026-01-13,"ExxonMobil","EXXON CHECKOUT #74       KATY         TX",Gas,-13.67,Posted
2026-01-13,"USAA Transfer","USAA FUNDS TRANSFER CR",Transfer,361.50,Posted
2026-01-12,"H-E-B","HEB CURBSIDE             800-432-3113 TX",Groceries,-244.53,Posted
2026-01-12,"Uep Dumplingholic House","UEP*DUMPLINGHOLIC HOUSE  KATY         TX",Restaurants,-67.00,Posted
2026-01-12,"Loy Memhermanngohealthu","LOY*MEMHERMANNGOHEALTHU  281-947-0020 GA",Doctor,-30.00,Posted
2026-01-12,"CVS","CVS/PHARMACY #01 01996-  KATY         TX",Pharmacy,-29.48,Posted
2026-01-12,"PJ's Coffee","SQ *PJ'S COFFEE OF NEW   Katy         TX",Coffee Shops,-27.07,Posted
2026-01-12,"Amazon Digital Services","Amazon Digit*ND0JB3AB3   888-802-3080 WA",Electronics & Software,-6.99,Posted
2026-01-08,"BENEFEDS Dental and Vision","FEDVIP-BENEFEDS  FEDVIPPREM ***********4V01",Health & Fitness,-12.37,Posted
2026-01-08,"Zelle Transfer to Ana Cruz","Zelle: Ana Cruz",Transfer,-280.00,Posted
2026-01-08,"Klarna","Klarna*TickPick          Columbus     OH",Financial,-99.88,Posted
2026-01-08,"Tank?d and Loaded","SQ *TANK?D AND LOADED    Katy         TX",Fast Food,-36.80,Posted
2026-01-08,"Brookshire Brothers","BROOKSHIRE BROTHERS #9   KATY         TX",Groceries,-22.63,Posted
2026-01-08,"Glaze Doughnuts","SQ *GLAZE DOUGHNUTS      Katy         TX",Fast Food,-16.92,Posted
2026-01-07,"Waller Co Mud","WALLER CO MUD 37 FBS MDS WA ***********",Utilities,-108.00,Posted
2026-01-07,"H-E-B","HEB CURBSIDE             800-432-3113 TX",Groceries,-181.42,Posted
2026-01-07,"Chevron","CHEVRON 0387710          KATY         TX",Gas,-52.56,Posted
2026-01-07,"Chevron","CHEVRON 0387710          KATY         TX",Gas,-31.75,Posted
2026-01-07,"TikTok Shop","TIKTOK SHOP              TIKTOK.COM   CA",Shopping,-30.51,Posted
2026-01-07,"PJ's Coffee","SQ *PJ'S COFFEE OF NEW   Katy         TX",Coffee Shops,-19.94,Posted
2026-01-07,"Buc-ee's","BUCEES 40 KATY TX CW     KATY         TX",Service & Parts,-16.00,Posted
2026-01-07,"ExxonMobil","EXXON CHECKOUT #74       KATY         TX",Gas,-11.45,Posted
2026-01-07,"Hou Parking Garage","HOU PARKING GARAGE       HOUSTON      TX",Parking,-8.50,Posted
2026-01-06,"Little Hands Lea","LITTLE HANDS LEA 2813943443 ***********4499",Babysitter & Daycare,-260.00,Posted
2026-01-06,"Progressive","PROG COUNTY MUT  INS PREM   ***********icah",Financial,-236.33,Posted
2026-01-06,"CVS","CVS/PHARMACY #01996      KATY         TX",Pharmacy,-10.00,Posted
2026-01-06,"Amazon Digital Services","Amazon Digit*Z34FO0SM3   888-802-3080 WA",Electronics & Software,-4.99,Posted
2026-01-06,"Apple","APPLE.COM/BILL           866-712-7753 CA",Electronics & Software,-2.99,Posted
2026-01-05,"Kia Motors Finance","KMF              KMFUSA.com ***********4937",Auto Payment,-527.73,Posted
2026-01-05,"The Home Depot","HOME DEPOT       AUTO PYMT  ***********0401",Home Improvement,-250.00,Posted
2026-01-05,"Target","TARGET DEBIT CRD ACH TRAN   ***********3329",Shopping,-76.08,Posted
2026-01-05,"Capital One Credit Card Payment","CAPITAL ONE      CRCARDPMT  ***********7503",Credit Card Payment,-62.00,Posted
2026-01-05,"Affirm","AFFIRM.COM PAYME AFFIRM.COM ***********O8W6",Financial,-55.42,Posted
2026-01-05,"Invest529 via Virginia529","INVEST529        PAYMENT    ***********1-63",Investments,-40.00,Posted
2026-01-05,"PayPal Purchase","PAYPAL           INST XFER  ***********RSRC",Uncategorized,-5.27,Posted
2026-01-05,"Rooftop Cinema Club Rooftopcinemaca","ROOFTOP CINEMA CLUB      ROOFTOPCINEMACA",Movies & Dvds,-96.34,Posted
2026-01-05,"H-E-B","HEB CURBSIDE             800-432-3113 TX",Groceries,-77.87,Posted
2026-01-05,"Brookshire Brothers","BROOKSHIRE BROTHERS #9   KATY         TX",Groceries,-49.11,Posted
2026-01-05,"Adobe","Adobe Inc                800-8336687  CA",Electronics & Software,-29.99,Posted
2026-01-05,"Best Buy","BESTBUY.COM              WWW.BESTBUY.CMN",Electronics & Software,-25.06,Posted
2026-01-05,"Starbucks","STARBUCKS 8007827282     800-782-7282 WA",Coffee Shops,-20.00,Posted
2026-01-02,"Atlantic Energy Services","ATLANTIC ENERGY  SERVICES   ***********5573",Utilities,-188.83,Posted
2026-01-02,"Greenlight","GREENLIGHT       APP        ***********IGHT",Allowance,-20.00,Posted
2026-01-02,"Affirm","AFFIRM * PAY EAXEXOK6    855-423-3729 CA",Financial,-27.51,Posted
2026-01-02,"Adobe","Adobe Inc                800-8336687  CA",Electronics & Software,-19.99,Posted
2025-12-31,"M&T Mortgage","M & T MORTGAGE   MTG PYT    ***********6182",Mortgage & Rent,-1558.50,Posted
2025-12-31,"Hyundai Motor Finance","HMF              HMFUSA.com ***********5062",Auto Payment,-869.76,Posted
2025-12-31,"Starbucks","STARBUCKS STORE 82174    KATY         TX",Coffee Shops,-18.45,Posted
2025-12-31,"Pinwheel.com","PINWHEEL KID PHONE       PINWHEEL.COM TX",Bills & Utilities,-14.99,Posted
2025-12-31,"Adobe","Adobe Inc                800-8336687  CA",Electronics & Software,-11.99,Posted
2025-12-30,"Little Hands Lea","LITTLE HANDS LEA 2813943443 ***********4357",Babysitter & Daycare,-220.50,Posted
2025-12-30,"PayPal Purchase","PAYPAL           INST XFER  ***********.COM",Uncategorized,-24.99,Posted
2025-12-30,"Brookshire Brothers","BROOKSHIRE BROTHERS #9   KATY         TX",Groceries,-53.65,Posted
2025-12-30,"Marco's Pizza","MARCOS PIZZA - 5316      KATY         TX",Fast Food,-20.19,Posted
2025-12-30,"Brookshire Brothers","BROOKSHIRE BROTHERS #9   KATY         TX",Groceries,-14.99,Posted
2025-12-30,"Prime Video","Prime Video Channels     amzn.com/billWA",Television,-12.99,Posted
2025-12-30,"Shipley Do-Nuts","SHIPLEY DO-NUTS FC0137   832-3817925  TX",Fast Food,-11.41,Posted
2025-12-30,"Starbucks","STARBUCKS 8007827282     800-782-7282 WA",Coffee Shops,-10.00,Posted
2025-12-30,"Alkami Technolog Payroll","ALKAMI TECHNOLOG PAYROLL    ***********1Y54",Paycheck,5448.69,Posted
2025-12-29,"Sunstrong Manage Payments","SUNSTRONG MANAGE PAYMENTS   ***********3693",Uncategorized,-128.23,Posted
2025-12-29,"CenterPoint Energy","CPENERGY ENTEX   ENT ACH DR ***********7098",Utilities,-53.00,Posted
2025-12-29,"TikTok Shop","TIKTOK SHOP              TIKTOK.COM   CA",Shopping,-156.03,Posted
2025-12-29,"Amazon","AMAZON MKTPL*0E28G8333   Amzn.com/billWA",Shopping,-60.72,Posted
2025-12-29,"Tequilas Mexican Grill","TEQUILAS MEXICAN GRILL   KATY         TX",Restaurants,-53.17,Posted
2025-12-29,"Amazon","AMAZON MKTPL*NY9B67KQ3   Amzn.com/billWA",Shopping,-42.89,Posted
2025-12-29,"QuikTrip","QT 4622 OUTSIDE          KATY         TX",Gas,-34.85,Posted
2025-12-29,"McDonald's","MCDONALD'S F40992        KATY         TX",Fast Food,-28.11,Posted
2025-12-29,"YouTube Premium","GOOGLE *YouTubePremium   Mountain ViewCA",Entertainment,-22.99,Posted
2025-12-29,"Electronic Arts","EA *ELECTRONIC ARTS      HELP.EA.COM  CA",Electronics & Software,-19.47,Posted
2025-12-29,"H-E-B","H-E-B #797               KATY         TX",Groceries,-18.12,Posted
2025-12-29,"Shell","SHELL OIL 12780814005    KATY         TX",Gas,-11.00,Posted
2025-12-29,"Pokémon Go","GOOGLE *Pokemon          Mountain ViewCA",Electronics & Software,-2.99,Posted
2025-12-29,"Mobile Deposit","DEPOSIT@MOBILE",Income,182.10,Posted
2025-12-26,"H-E-B","H-E-B #797               KATY         TX",Groceries,-156.53,Posted
2025-12-26,"Amazon","AMAZON MKTPL*G01L21JQ3   Amzn.com/billWA",Shopping,-114.66,Posted
2025-12-26,"Buc-ee's","BUC-EE'S #0040           KATY         TX",Fast Food,-78.52,Posted
2025-12-26,"H-E-B","HEB CURBSIDE             800-432-3113 TX",Groceries,-64.88,Posted
2025-12-26,"Hou Airp Killens Bbq","HOU AIRP KILLENS BBQ     HOUSTON      TX",Restaurants,-21.21,Posted
2025-12-26,"Hou Parking Garage","HOU PARKING GARAGE       HOUSTON      TX",Parking,-13.50,Posted
2025-12-26,"H-E-B","H-E-B #797               KATY         TX",Groceries,-10.00,Posted
2025-12-26,"Texasnewsst","TEXASNEWSST2541          HOUSTON      TX",Newspapers & Magazines,-4.21,Posted
2025-12-26,"USAA Transfer","USAA FUNDS TRANSFER CR",Transfer,361.50,Posted
2025-12-24,"H-E-B","HEB CURBSIDE             800-432-3113 TX",Groceries,-192.74,Posted
2025-12-24,"Amazon","AMAZON MKTPL*2M9LL7XO3   Amzn.com/billWA",Shopping,-66.08,Posted
2025-12-24,"McDonald's","MCDONALD'S F20889        HOUSTON      TX",Fast Food,-6.50,Posted
2025-12-24,"Mobile Deposit","DEPOSIT@MOBILE",Income,153.53,Posted
2025-12-23,"Little Hands Lea","LITTLE HANDS LEA 2813943443 ***********3075",Babysitter & Daycare,-220.50,Posted
2025-12-23,"Electronic Arts","EA *ELECTRONIC ARTS      help.ea.com  CA",Electronics & Software,-29.21,Posted
2025-12-22,"USAA Credit Card","USAA CREDIT CARD PAYMENT    ***********2531",Credit Card Payment,-540.00,Posted
2025-12-22,"USAA Credit Card","USAA CREDIT CARD PAYMENT    ***********4284",Credit Card Payment,-294.00,Posted
2025-12-22,"Robinhood","ROBINHOOD        Funds      ***********7009",Transfer,-100.00,Posted
2025-12-22,"Affirm","AFFIRM.COM PAYME AFFIRM.COM ***********D2C0",Financial,-55.42,Posted
2025-12-22,"Zelle Transfer to Enrique Uber","Zelle: Enrique Uber",Transfer,-145.00,Posted
2025-12-22,"Hudson News","HUDSON ST1748            ORLANDO      FL",Shopping,-54.04,Posted
2025-12-22,"Walgreens","WALGREENS STORE 5702 LE  ORLANDO      FL",Pharmacy,-43.60,Posted
2025-12-22,"Amazon","AMAZON.COM               SEATTLE      WA",Shopping,-42.89,Posted
2025-12-22,"Audible","Audible*830X33KU3        Amzn.com/billNJ",Books,-14.95,Posted
2025-12-22,"Kindle","Kindle Svcs*EK8G83OE3    888-802-3080 WA",Books,-9.99,Posted
2025-12-18,"Interest Paid","INTEREST PAID",Interest Income,0.02,Posted
2025-12-18,"Fidium Fiber Cy","FIDIUM FIBER     BILLPAY    ***********CY P",Utilities,-86.45,Posted
2025-12-18,"Walt Disney World","WDW CENTERTOWN MKT       LAKE BUENA VIFL",Food & Dining,-2.76,Posted
2025-12-17,"CSC Service Works","CSC ServiceWorks  Inc.   Plainview    NY",Laundry,-7.25,Posted
2025-12-17,"CSC Service Works","CTLP*CSC SERVICEWORKS    MELVILLE     NY",Service & Parts,-1.00,Posted
2025-12-16,"Capital One","CAPITAL ONE      TRANSFER   ***********7C17",Transfer,-420.00,Posted
2025-12-16,"Little Hands Lea","LITTLE HANDS LEA 2813943443 ***********6765",Babysitter & Daycare,-220.50,Posted
2025-12-16,"Firstmark","FIRSTMARK        PAYMENTS   ***********1304",Student Loan,-108.37,Posted
2025-12-16,"Invest529 via Virginia529","INVEST529        PAYMENT    ***********3-52",Investments,-30.00,Posted
2025-12-16,"Invest529 via Virginia529","INVEST529        PAYMENT    ***********1-23",Investments,-20.00,Posted
2025-12-16,"Harris County Toll Road Authority","HCTRA EFT        EZTAGSTPPD ***********1148",Auto & Transport,-10.00,Posted
2025-12-16,"Harris County Toll Road Authority","HCTRA EFT        EZTAGSTPPD ***********2000",Auto & Transport,-10.00,Posted
2025-12-16,"Petco.com","PETCO.COM 6989           858-453-7845 CA",Pets,-106.40,Posted
2025-12-16,"Amazon","AMAZON MKTPL*BD7GF7Y33   Amzn.com/billWA",Shopping,-18.58,Posted
2025-12-15,"M&T Mortgage","M & T MORTGAGE   MTG PYT    ***********6182",Mortgage & Rent,-1558.50,Posted
2025-12-15,"Barclaycard","BARCLAYCARD US   CREDITCARD ***********8820",Credit Card Payment,-349.61,Posted
2025-12-15,"Citi Credit Card Payment","CITI AUTOPAY     PAYMENT    ***********0258",Credit Card Payment,-133.77,Posted
2025-12-15,"Amazon","AMAZON MKTPL*SP33T4GQ3   Amzn.com/billWA",Shopping,-49.23,Posted
2025-12-15,"Chick-fil-A","CHICK-FIL-A #01531       SUGAR LAND   TX",Fast Food,-23.12,Posted
2025-12-15,"Adobe","Adobe Inc                800-8336687  CA",Electronics & Software,-22.99,Posted
2025-12-15,"Amazon","AMAZON MKTPL*7C7WW1DE3   Amzn.com/billWA",Shopping,-21.44,Posted
2025-12-15,"Disney+","Roku for Disney Electro  816-2728107  DE",Television,-18.99,Posted
2025-12-15,"Homescapes","GOOGLE *Homescapes       855-836-3987 CA",Electronics & Software,-4.99,Posted
2025-12-15,"Alkami Technolog Payroll","ALKAMI TECHNOLOG PAYROLL    ***********7Y54",Paycheck,5448.69,Posted
2025-12-12,"H-E-B","H-E-B #797               KATY         TX",Groceries,-170.49,Posted
2025-12-12,"ExxonMobil","EXXON CHECKOUT #74       KATY         TX",Gas,-44.49,Posted
2025-12-12,"Checkout","CHECKOUT #74             KATY         TX",Gas,-44.06,Posted
2025-12-12,"Amazon","AMAZON MKTPL*3Q9J25KF3   Amzn.com/billWA",Shopping,-16.08,Posted
2025-12-12,"PJ's Coffee","SQ *PJ'S COFFEE OF NEW   Katy         TX",Coffee Shops,-11.76,Posted
2025-12-12,"Ott Dropout","OTT* DROPOUT             DROPOUT.TV   CA",Television,-5.99,Posted
2025-12-11,"H-E-B","H-E-B #797               KATY         TX",Groceries,-158.16,Posted
2025-12-11,"Amazon","AMAZON MKTPL*3F0RG28W3   Amzn.com/billWA",Shopping,-148.38,Posted
2025-12-11,"Snappys Cafe & Gril","TST*SNAPPYS CAFE & GRIL  Katy         TX",Food & Dining,-51.31,Posted
2025-12-11,"Think Neurology for Ki","THINK NEUROLOGY FOR KI   HOUSTON      TX",Doctor,-50.00,Posted
2025-12-11,"The Light Park","The Light Park           193-6661211  TX",Entertainment,-48.38,Posted
2025-12-11,"McDonald's","MCDONALD'S F13012        KATY         TX",Fast Food,-33.00,Posted
2025-12-11,"H-E-B","H-E-B #797               KATY         TX",Groceries,-30.62,Posted
2025-12-11,"Wetzel's Pretzels","TST* WETZEL'S PRETZELS   KATY         TX",Fast Food,-19.12,Posted
2025-12-11,"The Light Park","SQ *THE LIGHT PARK       Katy         TX",Entertainment,-11.14,Posted
2025-12-11,"Amazon","AMAZON MKTPL*OE1IP8163   Amzn.com/billWA",Shopping,-7.50,Posted
2025-12-11,"Checkout","CHECKOUT #74             KATY         TX",Gas,-6.13,Posted
2025-12-10,"Amazon","AMAZON.COM               SEATTLE      WA",Shopping,-35.14,Posted
2025-12-10,"Amazon Digital Services","Amazon Digit*UB3KF7FB3   888-802-3080 WA",Electronics & Software,-6.99,Posted
2025-12-09,"Little Hands Lea","LITTLE HANDS LEA 2813943443 ***********6333",Babysitter & Daycare,-505.50,Posted
2025-12-09,"Starbucks","STARBUCKS 8007827282     800-782-7282 WA",Coffee Shops,-15.00,Posted
2025-12-09,"USAA Funds Transfer DB","USAA FUNDS TRANSFER DB",Transfer,-2.75,Posted
2025-12-08,"Waller Co Mud","WALLER CO MUD 37 FBS MDS WA ***********",Utilities,-108.00,Posted
2025-12-08,"Affirm","AFFIRM INC       AFFIRM PAY ***********0984",Financial,-55.42,Posted
2025-12-08,"Ali","ALI09147                 KATY         TX",Cash,-202.75,Posted
2025-12-08,"Ali","ALI09147                 KATY         TX",Cash,-202.75,Posted
2025-12-08,"Ali","ALI09147                 KATY         TX",Cash,-102.75,Posted
2025-12-08,"Klarna","Klarna*TickPick          Columbus     OH",Financial,-99.88,Posted
2025-12-08,"Waffle House","Waffle House 1947        Houston      TX",Restaurants,-66.50,Posted
2025-12-08,"Whiskey Beards Stud Katy","SQ *WHISKEY BEARDS STUD  KATY         TX",Hair,-57.60,Posted
2025-12-08,"Electronic Arts","EA *ELECTRONIC ARTS      help.ea.com  CA",Electronics & Software,-48.69,Posted
2025-12-08,"Checkout","CHECKOUT #74             KATY         TX",Gas,-23.90,Posted
2025-12-08,"Peacock TV","Roku for Peacock TV LLC  816-2728107  DE",Television,-10.99,Posted
2025-12-08,"Amazon","Amazon.com*BI7TD5G20     Amzn.com/billWA",Shopping,-10.67,Posted
2025-12-08,"Amazon","Amazon.com*BW46D2FS2     Amzn.com/billWA",Shopping,-10.67,Posted
2025-12-08,"Amazon Digital Services","Amazon Digit*BI8C80EK0   888-802-3080 WA",Electronics & Software,-4.99,Posted
2025-12-08,"Claritycheck.com","CLARITYCHECK.COM/US      CLARITYCHECK.DE",Shopping,-3.49,Posted
2025-12-08,"Homescapes","GOOGLE *Homescapes       855-836-3987 CA",Electronics & Software,-1.99,Posted
2025-12-08,"Claritycheck.com","CLARITYCHECK.COM/US      CLARITYCHECK.DE",Shopping,-0.50,Posted
2025-12-08,"ATM Fee Rebate","ATM REBATE",Atm Fee,2.75,Posted
2025-12-08,"ATM Fee Rebate","ATM REBATE",Atm Fee,2.75,Posted
2025-12-08,"ATM Fee Rebate","ATM REBATE",Atm Fee,2.75,Posted
2025-12-08,"Zelle Transfer from Micah Morrill","Zelle: Micah Morrill",Income,475.00,Posted
2025-12-05,"BENEFEDS Dental and Vision","FEDVIP-BENEFEDS  FEDVIPPREM ***********4V01",Health & Fitness,-12.20,Posted
2025-12-05,"The Cottages Cowork","IN *THE COTTAGES COWORK  281-9798934  TX",Furnishings,-80.00,Posted
2025-12-05,"Amazon","AMAZON.COM               SEATTLE      WA",Shopping,-29.13,Posted
2025-12-05,"Apple","APPLE.COM/BILL           866-712-7753 CA",Electronics & Software,-2.99,Posted
2025-12-04,"Progressive","PROG COUNTY MUT  INS PREM   ***********icah",Financial,-236.33,Posted
2025-12-04,"Brookshire Brothers","BROOKSHIRE BROTHERS #9   KATY         TX",Groceries,-33.95,Posted
2025-12-04,"Adobe","Adobe Inc                800-8336687  CA",Electronics & Software,-29.99,Posted
2025-12-04,"Brookshire Brothers","BROOKSHIRE BROTHERS #9   KATY         TX",Groceries,-20.00,Posted
2025-12-04,"Brookshire Brothers","BROOKSHIRE BROTHERS #9   KATY         TX",Groceries,-17.26,Posted
2025-12-04,"H-E-B","H-E-B #797               KATY         TX",Groceries,-4.38,Posted
2025-12-04,"Education Benefits for Veterans","VAED TREAS 310   XXVA EDUC  ***********3600",Income,3117.33,Posted
2025-12-04,"Education Benefits for Veterans","VAED TREAS 310   XXVA EDUC  ***********3600",Income,250.00,Posted
2025-12-03,"Kia Motors Finance","KMF              KMFUSA.com ***********4937",Auto Payment,-527.73,Posted
2025-12-03,"The Home Depot","HOME DEPOT       AUTO PYMT  ***********0801",Home Improvement,-250.00,Posted
2025-12-03,"Atlantic Energy Services","ATLANTIC ENERGY  SERVICES   ***********7258",Utilities,-200.98,Posted
2025-12-03,"Capital One Credit Card Payment","CAPITAL ONE      CRCARDPMT  ***********671E",Credit Card Payment,-60.00,Posted
2025-12-03,"Invest529 via Virginia529","INVEST529        PAYMENT    ***********1-59",Investments,-40.00,Posted
2025-12-03,"Ulta Beauty","ULTA.COM                 866-858-2266 IL",Personal Care,-63.82,Posted
2025-12-03,"Crafthoop.com","SP CRAFTHOOP             CRAFTHOOP.COMNY",Shopping,-57.90,Posted
2025-12-03,"Homescapes","GOOGLE *Homescapes       g.co/helppay#CA",Electronics & Software,-0.99,Posted
2025-12-03,"Debit Card Dispute Temporary Credit Reversal","DC DSP TEMP CR REV",Financial,-130.12,Posted
2025-12-02,"Little Hands Lea","LITTLE HANDS LEA 2813943443 ***********7675",Babysitter & Daycare,-505.50,Posted
2025-12-02,"Greenlight","GREENLIGHT       APP        ***********IGHT",Allowance,-20.00,Posted
2025-12-02,"PJ's Coffee","SQ *PJ'S COFFEE OF NEW   Katy         TX",Coffee Shops,-14.94,Posted
2025-12-02,"Roku","The Roku Channel         816-2728107  DE",Television,-12.99,Posted
2025-12-01,"M&T Mortgage","M & T MORTGAGE   MTG PYT    ***********6182",Mortgage & Rent,-1558.50,Posted
2025-12-01,"Hyundai Motor Finance","HMF              HMFUSA.com ***********5062",Auto Payment,-869.76,Posted
2025-12-01,"PayPal Purchase","PAYPAL           INST XFER  ***********.COM",Uncategorized,-24.99,Posted
2025-12-01,"H-E-B","HEB CURBSIDE             800-432-3113 TX",Groceries,-308.26,Posted
2025-12-01,"Cash App Transfer to Joe Flores","CASH APP*JOE FLORES      Oakland      CA",Transfer,-60.00,Posted
2025-12-01,"GameStop","GAMESTOP #4649           KATY         TX",Electronics & Software,-57.88,Posted
2025-12-01,"Books-A-Million","BOOKS A MILLION 515      KATY         TX",Books,-57.46,Posted
2025-12-01,"Marco's Pizza","MARCOS PIZZA - 5185 - K  KATY         TX",Fast Food,-33.54,Posted
2025-12-01,"Adobe","Adobe Inc                800-8336687  CA",Electronics & Software,-19.99,Posted
2025-12-01,"Pinwheel.com","PINWHEEL KID PHONE       PINWHEEL.COM TX",Bills & Utilities,-14.99,Posted
2025-12-01,"Prime Video","Prime Video Channels     amzn.com/billWA",Television,-12.99,Posted
2025-12-01,"Adobe","Adobe Inc                800-8336687  CA",Electronics & Software,-11.99,Posted
2025-12-01,"Patreon","Patreon Patreon* Membershwww.patreon.cCA",Entertainment,-2.00,Posted
2025-11-28,"H-E-B","HEB CURBSIDE             800-432-3113 TX",Groceries,-188.10,Posted
2025-11-28,"YouTube Premium","GOOGLE *YouTubePremium   Mountain ViewCA",Entertainment,-22.99,Posted
2025-11-28,"Samsung","Samsung                  800-7267864  NJ",Electronics & Software,-13.40,Posted
2025-11-26,"Sunstrong Manage Payments","SUNSTRONG MANAGE PAYMENTS   ***********1236",Uncategorized,-125.24,Posted
2025-11-26,"CenterPoint Energy","CPENERGY ENTEX   ENT ACH DR ***********7098",Utilities,-14.83,Posted
2025-11-26,"McDonald's","MCDONALD'S F13012        KATY         TX",Fast Food,-32.00,Posted
2025-11-26,"McDonald's","MCDONALD'S F13012        KATY         TX",Fast Food,-25.00,Posted
2025-11-25,"Little Hands Lea","LITTLE HANDS LEA 2813943443 ***********4539",Babysitter & Daycare,-220.50,Posted
2025-11-25,"Music & Arts","MUSIC&ARTS.COM           888-731-5396 MD",Shopping,-52.55,Posted
2025-11-25,"Chevron","CHEVRON 0387710          KATY         TX",Gas,-33.19,Posted
2025-11-25,"Alkami Technolog Payroll","ALKAMI TECHNOLOG PAYROLL    ***********3Y54",Paycheck,5448.70,Posted
2025-11-24,"Passport Services","PASSPORTSERVICES PAYMENT    1384",Travel,-242.05,Posted
2025-11-24,"DoorDash","DD *DOORDASH SOUTHERNM   855-973-1040 CA",Food & Dining,-55.42,Posted
2025-11-24,"La Michoacana Meat Market","LA MICHOACANA SUPERMARK  KATY         TX",Groceries,-34.88,Posted
2025-11-24,"Pizza Hut","PIZZA HUT 040915         KATY         TX",Fast Food,-28.08,Posted
2025-11-24,"Buc-ee's","BUCEES 40 KATY TX CW     KATY         TX",Service & Parts,-16.00,Posted
2025-11-24,"Audible","Audible*B09X24RB2        Amzn.com/billNJ",Books,-14.95,Posted
2025-11-24,"Pokémon Go","Google Pokemon           650-2530000  CA",Electronics & Software,-2.99,Posted
2025-11-24,"Zelle Transfer from Micah Morrill","Zelle: Micah Morrill",Income,675.00,Posted
2025-11-21,"USAA Credit Card","USAA CREDIT CARD PAYMENT    ***********2531",Credit Card Payment,-539.00,Posted
2025-11-21,"USAA Credit Card","USAA CREDIT CARD PAYMENT    ***********4284",Credit Card Payment,-290.00,Posted
2025-11-21,"H-E-B","HEB CURBSIDE             800-432-3113 TX",Groceries,-78.04,Posted
2025-11-21,"Brookshire Brothers","BROOKSHIRE BROTHERS #9   KATY         TX",Groceries,-69.10,Posted
2025-11-21,"Bona Fitness and Wellne","BONA FITNESS AND WELLNE  713-977-2662 TX",Health & Fitness,-40.00,Posted
2025-11-21,"Panda Express","PANDA EXPRESS #3455      KATY         TX",Fast Food,-34.00,Posted
2025-11-21,"Uber Trip","UBER   *TRIP HELP.UBER.COuber.com     CA",Rental Car & Taxi,-13.96,Posted
2025-11-21,"Human Rights Campaign","HUMAN RIGHTS CAMPAIGN    800-4980382  DC",Charity,-10.50,Posted
2025-11-21,"Aristoi Booster Clu Katy","SQ *ARISTOI BOOSTER CLU  KATY         TX",Gifts & Donations,-6.00,Posted
2025-11-21,"Brookshire Brothers","BROOKSHIRE BROTHERS #9   KATY         TX",Groceries,-4.28,Posted
2025-11-20,"Robinhood","ROBINHOOD        Funds      ***********7009",Transfer,-100.00,Posted
2025-11-20,"ExxonMobil","EXXON TIME MART          KATY         TX",Gas,-45.96,Posted
2025-11-20,"Uber Pending Transaction","UBER   * PENDING         uber.com     CA",Rental Car & Taxi,-36.73,Posted
2025-11-20,"Whataburger","WHATABURGER 1124         KATY         TX",Fast Food,-30.16,Posted
2025-11-20,"PJ's Coffee","SQ *PJ'S COFFEE OF NEW   Katy         TX",Coffee Shops,-20.59,Posted
2025-11-20,"McDonald's","MCDONALD'S F13012        KATY         TX",Fast Food,-7.00,Posted
2025-11-18,"Interest Paid","INTEREST PAID",Interest Income,0.01,Posted
2025-11-18,"Little Hands Lea","LITTLE HANDS LEA 2813943443 ***********3878",Babysitter & Daycare,-220.50,Posted
2025-11-18,"PayPal Purchase","PAYPAL           INST XFER  ***********LATE",Uncategorized,-130.75,Posted
2025-11-18,"Fidium Fiber Cy","FIDIUM FIBER     BILLPAY    ***********CY P",Utilities,-86.45,Posted
2025-11-18,"Invest529 via Virginia529","INVEST529        PAYMENT    ***********3-49",Investments,-30.00,Posted
2025-11-18,"Invest529 via Virginia529","INVEST529        PAYMENT    ***********1-21",Investments,-20.00,Posted
2025-11-18,"Harris County Toll Road Authority","HCTRA EFT        EZTAGSTPPD ***********1356",Auto & Transport,-10.00,Posted
2025-11-18,"Oh K Dog Katy Mills","OH K-DOG KATY MILLS      KATY         TX",Fast Food,-9.72,Posted
2025-11-18,"McDonald's","MCDONALD'S F13012        KATY         TX",Fast Food,-8.00,Posted
2025-11-18,"Oh K Dog Katy Mills","OH K-DOG KATY MILLS      KATY         TX",Fast Food,-6.48,Posted
2025-11-17,"Uber","PAYPAL           INST XFER  ***********UBER",Rental Car & Taxi,-12.59,Posted
2025-11-17,"H-E-B","HEB CURBSIDE             800-432-3113 TX",Groceries,-184.01,Posted
2025-11-17,"Hobbit Cafe","TST* HOBBIT CAFE         HOUSTON      TX",Food & Dining,-121.72,Posted
2025-11-17,"Little Sakana Kat","TST*LITTLE SAKANA - KAT  Katy         TX",Restaurants,-73.08,Posted
2025-11-17,"A Shaving Grace Barber","A SHAVING GRACE BARBER   KATY         TX",Hair,-60.00,Posted
2025-11-17,"Armk Stadium","ARMK NRG STADIUM HH      HOUSTON      TX",Fast Food,-43.80,Posted
2025-11-17,"Armk Stadium Conc","ARMK NRG STADIUM CONC    HOUSTON      TX",Fast Food,-40.58,Posted
2025-11-17,"A Shaving Grace Barber","A SHAVING GRACE BARBER   KATY         TX",Hair,-36.00,Posted
2025-11-17,"StubHub!","STUBHUB INC              866-788-2482 CA",Entertainment,-35.06,Posted
2025-11-17,"US Postal Service","USPS PO 48457704 5701 4  KATY         TX",Shipping,-33.40,Posted
2025-11-17,"Marco's Pizza","MARCOS PIZZA - 5155      KATY         TX",Fast Food,-26.47,Posted
2025-11-17,"Subway","Subway 15189             Katy         TX",Fast Food,-23.77,Posted
2025-11-17,"Armk Stadium","ARMK NRG STADIUM HH      HOUSTON      TX",Fast Food,-23.35,Posted
2025-11-17,"Great Wrap Katy Mills","GREAT WRAP KATY MILLS    KATY         TX",Fast Food,-21.14,Posted
2025-11-17,"CVS","CVS/PHARMACY #01 01996-  KATY         TX",Pharmacy,-19.47,Posted
2025-11-17,"Lava Coffee","TST*LAVA COFFEE          Katy         TX",Coffee Shops,-19.23,Posted
2025-11-17,"Asian Too","ASIAN TOO                KATY         TX",Food & Dining,-16.22,Posted
2025-11-17,"Chevron","CHEVRON 0168076          KATY         TX",Gas,-5.82,Posted
2025-11-14,"M&T Mortgage","M & T MORTGAGE   MTG PYT    ***********6182",Mortgage & Rent,-1558.50,Posted
2025-11-14,"Capital One","CAPITAL ONE      TRANSFER   ***********6F64",Transfer,-420.00,Posted
2025-11-14,"Firstmark","FIRSTMARK        PAYMENTS   ***********1304",Student Loan,-108.37,Posted
2025-11-14,"Adobe","Adobe Inc                800-8336687  CA",Electronics & Software,-22.99,Posted
2025-11-13,"Barclaycard","BARCLAYCARD US   CREDITCARD ***********3216",Credit Card Payment,-347.54,Posted
2025-11-13,"USAA Funds Transfer DB","USAA FUNDS TRANSFER DB",Transfer,-400.00,Posted
2025-11-13,"Shell","SHELL SERVICE STATION    KATY         TX",Gas,-46.69,Posted
2025-11-13,"McDonald's","MCDONALD'S F40992        KATY         TX",Fast Food,-27.57,Posted
2025-11-13,"Zelle Transfer to Brookshire Music Studio","Zelle: Brookshire Music Studio",Transfer,-25.00,Posted
2025-11-13,"McDonald's","MCDONALD'S F13012        KATY         TX",Fast Food,-20.00,Posted
2025-11-13,"Disney+","Roku for Disney Electro  816-2728107  DE",Television,-18.99,Posted
2025-11-13,"Glaze Doughnuts","SQ *GLAZE DOUGHNUTS      Katy         TX",Fast Food,-17.71,Posted
2025-11-13,"Alkami Technolog Payroll","ALKAMI TECHNOLOG PAYROLL    ***********0Y54",Paycheck,5448.69,Posted
2025-11-13,"USAA Transfer","USAA FUNDS TRANSFER CR",Transfer,361.50,Posted
2025-11-12,"Little Hands Lea","LITTLE HANDS LEA 2813943443 ***********9249",Babysitter & Daycare,-329.80,Posted
2025-11-12,"Amazon","AMAZON MKTPL*BT4W147N2   Amzn.com/billWA",Shopping,-180.06,Posted
2025-11-12,"Starbucks","STARBUCKS 8007827282     800-782-7282 WA",Coffee Shops,-20.00,Posted
2025-11-12,"Ott Dropout","OTT* DROPOUT             DROPOUT.TV   CA",Television,-5.99,Posted
2025-11-12,"Shell","SHELL OIL 57541840906    KATY         TX",Gas,-5.40,Posted
2025-11-12,"CSC Service Works","CTLP*CSC SERVICEWORKS    MELVILLE     NY",Service & Parts,-1.50,Posted
2025-11-12,"Zelle Transfer from Micah Morrill","Zelle: Micah Morrill",Income,400.00,Posted
2025-11-10,"PayPal Purchase","PAYPAL           INST XFER  ***********LATE",Uncategorized,-130.75,Posted
2025-11-10,"Klarna","KLARNA* TICKPICK         KLARNA.COM   OH",Financial,-99.88,Posted
2025-11-10,"Amazon","AMAZON MKTPL*BT06H7841   Amzn.com/billWA",Shopping,-9.62,Posted
2025-11-10,"Amazon Digital Services","Amazon Digit*BT7SE6KA1   888-802-3080 WA",Electronics & Software,-6.99,Posted
2025-11-10,"Glaze Doughnuts","SQ *GLAZE DOUGHNUTS      Katy         TX",Fast Food,-6.39,Posted
2025-11-10,"Zelle Transfer from Micah Morrill","Zelle: Micah Morrill",Income,750.00,Posted
2025-11-07,"Waller Co Mud","WALLER CO MUD 37 FBS MDS WA ***********",Utilities,-108.00,Posted
2025-11-07,"BENEFEDS Dental and Vision","FEDVIP-BENEFEDS  FEDVIPPREM ***********4V01",Health & Fitness,-12.20,Posted
2025-11-07,"Official Check Request","OFFICIAL CHECK REQUEST",Check,-714.32,Posted
2025-11-07,"Uber Pending Transaction","UBER   * PENDING         uber.com     CA",Rental Car & Taxi,-52.93,Posted
2025-11-07,"Glaze Doughnuts","SQ *GLAZE DOUGHNUTS      Katy         TX",Fast Food,-11.61,Posted
2025-11-07,"Uber Trip","UBER   *TRIP HELP.UBER.COuber.com     CA",Rental Car & Taxi,-10.58,Posted
2025-11-06,"Peacock TV","Roku for Peacock TV LLC  816-2728107  DE",Television,-10.99,Posted
2025-11-06,"Amazon Digital Services","Amazon Digit*NK1ND86H2   888-802-3080 WA",Electronics & Software,-4.99,Posted
2025-11-05,"Kingdom Vending","CTLP*KINGDOM VENDING I   SPRING       TX",Fast Food,-3.00,Posted
2025-11-05,"Apple","APPLE COM                CUPERTINO    CA",Electronics & Software,-2.99,Posted
2025-11-05,"DC Dispute Temp Credit","DC DISPUTE TEMP CR",Reimbursement,130.12,Posted
2025-11-04,"Progressive","PROG COUNTY MUT  INS PREM   ***********icah",Financial,-236.33,Posted
2025-11-04,"Capital One Credit Card Payment","CAPITAL ONE      CRCARDPMT  ***********2177",Credit Card Payment,-59.00,Posted
2025-11-04,"Invest529 via Virginia529","INVEST529        PAYMENT    ***********1-55",Investments,-40.00,Posted
2025-11-04,"Invest529 via Virginia529","INVEST529        PAYMENT    ***********3-45",Investments,-30.00,Posted
2025-11-04,"Invest529 via Virginia529","INVEST529        PAYMENT    ***********1-19",Investments,-20.00,Posted
2025-11-04,"McDonald's","MCDONALD'S F40992        KATY         TX",Fast Food,-34.06,Posted
2025-11-04,"Adobe","Adobe Inc                800-8336687  CA",Electronics & Software,-29.99,Posted
2025-11-04,"McDonald's","MCDONALD'S F13012        KATY         TX",Fast Food,-13.00,Posted
2025-11-03,"Kia Motors Finance","KMF              KMFUSA.com ***********4937",Auto Payment,-527.73,Posted
2025-11-03,"Atlantic Energy Services","ATLANTIC ENERGY  SERVICES   ***********7245",Utilities,-274.73,Posted
2025-11-03,"The Home Depot","HOME DEPOT       AUTO PYMT  ***********0495",Home Improvement,-250.00,Posted
2025-11-03,"PayPal Pay in 4","PAYPAL           INST XFER  ***********YIN4",Shopping,-152.45,Posted
2025-11-03,"TD Bank","TD BANK          PAYMENT    ***********RILL",Transfer,-138.53,Posted
2025-11-03,"PayPal Purchase","PAYPAL           INST XFER  ***********LATE",Uncategorized,-130.75,Posted
2025-11-03,"Greenlight","GREENLIGHT       APP        ***********IGHT",Allowance,-20.00,Posted
2025-11-03,"iShine Express Car Wash & Detail","ISHINE KATY              KATY         TX",Service & Parts,-114.98,Posted
2025-11-03,"Pizza Hut","PIZZA HUT 040915         https://ipchaTX",Fast Food,-57.79,Posted
2025-11-03,"iShine Express Car Wash & Detail","ISHINE KATY              KATY         TX",Service & Parts,-28.99,Posted
2025-11-03,"Adobe","Adobe Inc                800-8336687  CA",Electronics & Software,-19.99,Posted
2025-11-03,"Roku","The Roku Channel         816-2728107  DE",Television,-12.99,Posted
2025-11-03,"Uber Pending Transaction","UBER   * PENDING         uber.com     CA",Rental Car & Taxi,-10.95,Posted
2025-11-03,"Amazon","AMAZON.COM               SEATTLE      WA",Shopping,-10.66,Posted
2025-11-03,"Apple","APPLE.COM/BILL           866-712-7753 CA",Electronics & Software,-9.99,Posted
2025-11-03,"Uber Trip","UBER   *TRIP HELP.UBER.COuber.com     CA",Rental Car & Taxi,-8.96,Posted
2025-11-03,"Sonic","SONIC DRIVE-IN           KATY         TX",Fast Food,-3.45,Posted
2025-11-03,"Kingdom Vending","CTLP*KINGDOM VENDING I   SPRING       TX",Fast Food,-3.00,Posted
2025-11-03,"Kingdom Vending","CTLP*KINGDOM VENDING I   SPRING       TX",Fast Food,-3.00,Posted
2025-11-03,"Patreon","Patreon Patreon* Membershwww.patreon.cCA",Entertainment,-2.00,Posted
2025-10-31,"M&T Mortgage","M & T MORTGAGE   MTG PYT    ***********6182",Mortgage & Rent,-1558.50,Posted
2025-10-31,"Hyundai Motor Finance","HMF              HMFUSA.com ***********5062",Auto Payment,-869.76,Posted
2025-10-31,"Brookshire Brothers","BROOKSHIRE BROTHERS #9   KATY         TX",Groceries,-174.28,Posted
2025-10-31,"Eye Eye Doc","SQ *EYE EYE DOC          Katy         TX",Eyecare,-35.00,Posted
2025-10-31,"Starbucks","STARBUCKS 8007827282     800-782-7282 WA",Coffee Shops,-15.00,Posted
2025-10-31,"Pinwheel.com","PINWHEEL KID PHONE       PINWHEEL.COM TX",Bills & Utilities,-14.99,Posted
2025-10-31,"Adobe","Adobe Inc                800-8336687  CA",Electronics & Software,-11.99,Posted
2025-10-30,"Bubba's 33","BUBBA'S 33 #2854         KATY         TX",Restaurants,-127.92,Posted
2025-10-30,"Amazon","AMAZON MKTPL*NK0MP4O21   Amzn.com/billWA",Shopping,-71.82,Posted
2025-10-30,"CVS","CVS/PHARMACY #01 01996-  KATY         TX",Pharmacy,-22.70,Posted
2025-10-30,"PJ's Coffee","SQ *PJ'S COFFEE OF NEW   Katy         TX",Coffee Shops,-22.66,Posted
2025-10-30,"Amazon","AMAZON MKTPL*NK6OB7F81   Amzn.com/billWA",Shopping,-21.22,Posted
2025-10-30,"Prime Video","Prime Video Channels     amzn.com/billWA",Television,-12.99,Posted
2025-10-30,"Alkami Technolog Payroll","ALKAMI TECHNOLOG PAYROLL    ***********8Y54",Paycheck,5448.69,Posted
2025-10-29,"PayPal Purchase","PAYPAL           INST XFER  ***********.COM",Uncategorized,-24.99,Posted
2025-10-29,"Amazon","AMAZON MKTPL*N43UZ9YN0   Amzn.com/billWA",Shopping,-18.22,Posted
2025-10-28,"Little Hands Lea","LITTLE HANDS LEA 2813943443 ***********4450",Babysitter & Daycare,-220.50,Posted
2025-10-28,"PJ's Coffee","SQ *PJ'S COFFEE OF NEW   Katy         TX",Coffee Shops,-28.38,Posted
2025-10-28,"YouTube Premium","GOOGLE *YouTubePremium   Mountain ViewCA",Entertainment,-22.99,Posted
2025-10-28,"Sling TV","Sling TV                 Englewood    CO",Television,-5.35,Posted
2025-10-27,"PayPal Purchase","PAYPAL           INST XFER  ***********LATE",Uncategorized,-130.75,Posted
2025-10-27,"Sunnova Solar","SUNNOVA          SOLAR      ***********8596",Utilities,-125.24,Posted
2025-10-27,"PJ's Coffee","SQ *PJ'S COFFEE OF NEW   Katy         TX",Coffee Shops,-27.51,Posted
2025-10-27,"Spirit Halloween","SPIRIT HALLOWEEN 60219   609-703-8292 TX",Shopping,-19.47,Posted
2025-10-27,"Richmond Airport","RICHMOND AIRPORT         RICHMOND     VA",Fast Food,-14.80,Posted
2025-10-27,"Samsung","Samsung                  800-7267864  NJ",Electronics & Software,-13.40,Posted
2025-10-27,"In-N-Out Burger","IN-N-OUT KATY            KATY         TX",Fast Food,-10.66,Posted
2025-10-27,"The Local Cup","SQ *THE LOCAL CUP        MECHANICSVILLVA",Fast Food,-8.04,Posted
2025-10-27,"Glaze Doughnuts","SQ *GLAZE DOUGHNUTS      Katy         TX",Fast Food,-6.40,Posted
2025-10-27,"Apple","APPLE.COM/BILL           866-712-7753 CA",Electronics & Software,-4.98,Posted
2025-10-24,"Vmi Alumni Agencies","VMI ALUMNI AGENCIES      800-444-1839 VA",Gifts & Donations,-50.00,Posted
2025-10-24,"Zelle Transfer to Chelsea Meador","Zelle: Chelsea Meador",Transfer,-20.00,Posted
2025-10-24,"Dunkin'","DUNKIN #349313           MECHANICSVILLVA",Coffee Shops,-10.59,Posted
2025-10-24,"Glaze Doughnuts","SQ *GLAZE DOUGHNUTS      Katy         TX",Fast Food,-6.39,Posted
2025-10-24,"Shell","SHELL OIL 57541840906    KATY         TX",Gas,-4.64,Posted
2025-10-24,"Pokémon Go","Google Pokemon           650-2530000  CA",Electronics & Software,-2.99,Posted
2025-10-23,"Little Hands Lea","LITTLE HANDS LEA 2813943443 ***********8502",Babysitter & Daycare,-220.50,Posted
2025-10-23,"Chevron","CHEVRON 0387710          KATY         TX",Gas,-40.89,Posted
2025-10-23,"Amazon","AMAZON.COM               SEATTLE      WA",Shopping,-21.34,Posted
2025-10-23,"TikTok Shop","TikTok Shop              CULVER CITY  CA",Shopping,-19.16,Posted
2025-10-23,"McDonald's","MCDONALD'S F40992        KATY         TX",Fast Food,-17.00,Posted
2025-10-22,"Meta Pay","METAPAY*Brandi Roberts   pay.fb.com   CA",Transfer,-50.00,Posted
2025-10-22,"Amazon","AMAZON MKTPL*NU2I11QT1   Amzn.com/billWA",Shopping,-27.87,Posted
2025-10-22,"McDonald's","MCDONALD'S F13012        KATY         TX",Fast Food,-26.00,Posted
2025-10-22,"Audible","Audible*NU3QT4221        Amzn.com/billNJ",Books,-14.95,Posted
2025-10-21,"USAA Credit Card","USAA CREDIT CARD PAYMENT    ***********2531",Credit Card Payment,-536.00,Posted
2025-10-21,"USAA Credit Card","USAA CREDIT CARD PAYMENT    ***********4284",Credit Card Payment,-282.00,Posted
2025-10-21,"Robinhood","ROBINHOOD        Funds      ***********7009",Transfer,-100.00,Posted
2025-10-21,"Bona Fitness and Wellne","BONA FITNESS AND WELLNE  713-977-2662 TX",Health & Fitness,-40.00,Posted
2025-10-21,"Human Rights Campaign","HUMAN RIGHTS CAMPAIGN    800-4980382  DC",Charity,-10.50,Posted
2025-10-21,"Kindle","Kindle Svcs*NM0WV99G2    888-802-3080 WA",Books,-1.99,Posted
2025-10-21,"TikTok Shop","TIKTOK SHOP              888-888-8888 CA",Shopping,51.23,Posted
2025-10-20,"PayPal Purchase","PAYPAL           INST XFER  ***********LATE",Uncategorized,-130.75,Posted
2025-10-20,"H-E-B","HEB CURBSIDE             800-432-3113 TX",Groceries,-152.87,Posted
2025-10-20,"Amazon","AMAZON MKTPL*NM5Z26SG2   Amzn.com/billWA",Shopping,-72.32,Posted
2025-10-20,"Apple","APPLE.COM/BILL           866-712-7753 CA",Electronics & Software,-41.95,Posted
2025-10-20,"Chevron","CHEVRON 0387710          KATY         TX",Gas,-41.12,Posted
2025-10-20,"Music & Arts","MUSIC&ARTS.COM           888-731-5396 MD",Shopping,-34.82,Posted
2025-10-20,"Amazon","AMAZON.COM               SEATTLE      WA",Shopping,-34.31,Posted
2025-10-20,"Amazon","AMAZON MKTPL*NU02304K1   Amzn.com/billWA",Shopping,-22.19,Posted
2025-10-20,"McDonald's","MCDONALD'S F13012        KATY         TX",Fast Food,-21.00,Posted
2025-10-20,"TikTok Shop","TikTok Shop TikTok Shop  shop.tiktok.cCA",Shopping,-14.96,Posted
2025-10-20,"Checkout","CHECKOUT #74             KATY         TX",Gas,-11.00,Posted
2025-10-20,"Amazon","AMAZON MKTPL*NU0AT0ZT0   Amzn.com/billWA",Shopping,-10.71,Posted
2025-10-20,"Amazon","AMAZON MKTPL*NM3H93WR1   Amzn.com/billWA",Shopping,-7.50,Posted
2025-10-17,"Interest Paid","INTEREST PAID",Interest Income,0.03,Posted
2025-10-17,"PayPal Pay in 4","PAYPAL           INST XFER  ***********YIN4",Shopping,-152.41,Posted
2025-10-17,"Fidium Fiber Cy","FIDIUM FIBER     BILLPAY    ***********CY P",Utilities,-101.45,Posted
2025-10-17,"Amazon","AMAZON MKTPL*NM0406RL1   Amzn.com/billWA",Shopping,-46.85,Posted
2025-10-17,"Sunterra Liquors","Sunterra Liquors         Pearland     TX",Alcohol & Bars,-42.89,Posted
2025-10-16,"Checkout","CHECKOUT #74             KATY         TX",Gas,-45.69,Posted
2025-10-16,"PJ's Coffee","SQ *PJ'S COFFEE OF NEW   Katy         TX",Coffee Shops,-20.67,Posted
2025-10-15,"Capital One","CAPITAL ONE      TRANSFER   ***********7359",Transfer,-420.00,Posted
2025-10-15,"Little Hands Lea","LITTLE HANDS LEA 2813943443 ***********6847",Babysitter & Daycare,-245.00,Posted
2025-10-15,"USAA Funds Transfer DB","USAA FUNDS TRANSFER DB",Transfer,-1200.00,Posted
2025-10-15,"Checkout","CHECKOUT #74             KATY         TX",Gas,-8.21,Posted
2025-10-15,"Alkami Technolog Payroll","ALKAMI TECHNOLOG PAYROLL    ***********0Y54",Paycheck,5448.70,Posted
2025-10-14,"M&T Mortgage","M & T MORTGAGE   MTG PYT    ***********6182",Mortgage & Rent,-3117.00,Posted
2025-10-14,"Barclaycard","BARCLAYCARD US   CREDITCARD ***********1682",Credit Card Payment,-360.56,Posted
2025-10-14,"Citi Credit Card Payment","CITI AUTOPAY     PAYMENT    ***********0071",Credit Card Payment,-300.00,Posted
2025-10-14,"PayPal Purchase","PAYPAL           INST XFER  ***********LATE",Uncategorized,-130.75,Posted
2025-10-14,"Firstmark","FIRSTMARK        PAYMENTS   ***********1304",Student Loan,-109.16,Posted
2025-10-14,"PayPal Purchase","PAYPAL           INST XFER  ***********LATE",Uncategorized,-17.94,Posted
2025-10-14,"Mint Mobile","MINT MOBILE              800-683-7392 CA",Mobile Phone,-97.08,Posted
2025-10-14,"DoorDash","DD *DOORDASH ROYALBIRY   855-973-1040 CA",Food & Dining,-78.72,Posted
2025-10-14,"Xbox","MICROSOFT*XBOX GAME PA   REDMOND      WA",Electronics & Software,-59.99,Posted
2025-10-14,"H-E-B","HEB CURBSIDE             800-432-3113 TX",Groceries,-45.78,Posted
2025-10-14,"Chevron","CHEVRON 0387710          KATY         TX",Gas,-43.90,Posted
2025-10-14,"Brookshire Brothers","BROOKSHIRE BROS 609      KATY         TX",Gas,-42.36,Posted
2025-10-14,"Brookshire Brothers","BROOKSHIRE BROTHERS #9   KATY         TX",Groceries,-39.57,Posted
2025-10-14,"Amazon","AMAZON MKTPL*NF4I95631   Amzn.com/billWA",Shopping,-37.53,Posted
2025-10-14,"Kilwins Chocolate","KILWINS CHOCOLATE AND I  KATY         TX",Groceries,-37.31,Posted
2025-10-14,"TikTok Shop","TikTok Shop              https://shop.CA",Shopping,-36.68,Posted
2025-10-14,"Brookshire Brothers","BROOKSHIRE BROTHERS #9   KATY         TX",Groceries,-35.00,Posted
2025-10-14,"Chick-fil-A via DoorDash","DD *DOORDASHCHICK-FIL-   855-973-1040 CA",Food & Dining,-30.00,Posted
2025-10-14,"H&M","H&M Fashion USA Inc      www2.hm.com/eNJ",Clothing,-28.12,Posted
2025-10-14,"Adobe","Adobe Inc                800-8336687  CA",Electronics & Software,-22.99,Posted
2025-10-14,"Claire's","CLAIRE'S #3487           KATY         TX",Clothing,-21.62,Posted
2025-10-14,"MINISO","MINISO KATY MILLS        KATY         TX",Gift,-18.84,Posted
2025-10-14,"Apple","APPLE.COM/BILL           866-712-7753 CA",Electronics & Software,-16.98,Posted
2025-10-14,"Disney+","Roku for Disney Electro  816-2728107  DE",Television,-15.99,Posted
2025-10-14,"Heritage Amusements Katy","SQ *HERITAGE AMUSEMENTS  Katy         TX",Entertainment,-10.00,Posted
2025-10-14,"Ott Dropout","OTT* DROPOUT             DROPOUT.TV   CA",Television,-5.99,Posted
2025-10-14,"Zelle Transfer from Micah Morrill","Zelle: Micah Morrill",Income,1200.00,Posted
2025-10-14,"USAA Transfer","USAA FUNDS TRANSFER CR",Transfer,361.50,Posted
2025-10-10,"Katy","MMS-MHHS-KATY HSP        KATY         TX",Fast Food,-10.54,Posted
2025-10-10,"Amazon Digital Services","Amazon Digit*NF25C8VW1   888-802-3080 WA",Electronics & Software,-6.99,Posted
2025-10-10,"USAA Transfer","USAA FUNDS TRANSFER CR",Transfer,361.50,Posted
2025-10-09,"Klarna","Klarna*TickPick          Columbus     OH",Financial,-99.88,Posted
2025-10-09,"McDonald's","MCDONALD'S F40992        KATY         TX",Fast Food,-39.35,Posted
2025-10-09,"McDonald's","MCDONALD'S F13012        KATY         TX",Fast Food,-20.00,Posted
2025-10-09,"H&M","HM.COM                   855-4667467  NY",Clothing,-17.30,Posted
2025-10-08,"McDonald's","MCDONALD'S F40992        KATY         TX",Fast Food,-18.03,Posted
2025-10-07,"Little Hands Lea","LITTLE HANDS LEA 2813943443 ***********9540",Babysitter & Daycare,-245.00,Posted
2025-10-07,"Waller Co Mud","WALLER CO MUD 37 FBS MDS WA ***********",Utilities,-108.00,Posted
2025-10-07,"BENEFEDS Dental and Vision","FEDVIP-BENEFEDS  FEDVIPPREM ***********4V01",Health & Fitness,-12.20,Posted
2025-10-07,"H-E-B","HEB CURBSIDE             800-432-3113 TX",Groceries,-90.36,Posted
2025-10-07,"Quince","ONEQUINCE* Q12759489     QUINCE.COM   CA",Clothing,-53.80,Posted
2025-10-07,"Amazon","Amazon.com*NF4NM4A70     Amzn.com/billWA",Shopping,-7.57,Posted
2025-10-07,"Shell","SHELL OIL 57541840906    KATY         TX",Gas,-5.94,Posted
2025-10-06,"Progressive","PROG COUNTY MUT  INS PREM   ***********icah",Financial,-236.39,Posted
2025-10-06,"PayPal Purchase","PAYPAL           INST XFER  ***********LATE",Uncategorized,-130.75,Posted
2025-10-06,"Capital One Credit Card Payment","CAPITAL ONE      CRCARDPMT  ***********DF9B",Credit Card Payment,-54.00,Posted
2025-10-06,"TD Bank","TD BANK          PAYMENT    ***********RILL",Transfer,-44.21,Posted
2025-10-06,"Invest529 via Virginia529","INVEST529        PAYMENT    ***********3-41",Investments,-30.00,Posted
2025-10-06,"Harris County Toll Road Authority","HCTRA EFT        EZTAGSTPPD ***********4004",Auto & Transport,-10.00,Posted
2025-10-06,"Cash App Transfer to Bree Ricotta","CASH APP*BREE RICOTTA    Oakland      CA",Transfer,-60.00,Posted
2025-10-06,"AMC Theatres","0148 AMC BAR KATY MILLS  KATY         TX",Movies & Dvds,-36.15,Posted
2025-10-06,"Asian Too","ASIAN TOO                KATY         TX",Food & Dining,-31.35,Posted
2025-10-06,"Adobe","Adobe Inc                800-8336687  CA",Electronics & Software,-29.99,Posted
2025-10-06,"Shein","SHEIN.COM                844-8022500  NY",Clothing,-23.57,Posted
2025-10-06,"McDonald's","MCDONALD'S F13012        KATY         TX",Fast Food,-19.14,Posted
2025-10-06,"Glaze Doughnuts","SQ *GLAZE DOUGHNUTS      Katy         TX",Fast Food,-11.80,Posted
2025-10-06,"Peacock TV","Roku for Peacock TV LLC  816-2728107  DE",Television,-10.99,Posted
2025-10-06,"Sonic","SONIC DRIVE IN #1140     KATY         TX",Fast Food,-9.42,Posted
2025-10-06,"Apple","APPLE.COM/BILL           866-712-7753 CA",Electronics & Software,-5.99,Posted
2025-10-06,"Sling TV","Sling TV                 Englewood    CO",Television,-5.35,Posted
2025-10-06,"Amazon Digital Services","Amazon Digit*NF6W844R0   888-802-3080 WA",Electronics & Software,-4.99,Posted
2025-10-06,"Apple","APPLE.COM/BILL           866-712-7753 CA",Electronics & Software,-2.99,Posted
2025-10-03,"Kia Motors Finance","KMF              KMFUSA.com ***********4937",Auto Payment,-527.73,Posted
2025-10-03,"Atlantic Energy Services","ATLANTIC ENERGY  SERVICES   ***********6748",Utilities,-308.77,Posted
2025-10-03,"The Home Depot","HOME DEPOT       AUTO PYMT  ***********0079",Home Improvement,-250.00,Posted
2025-10-03,"Invest529 via Virginia529","INVEST529        PAYMENT    ***********1-51",Investments,-40.00,Posted
2025-10-03,"Children Pajamas Brampton","Children Pajamas         Brampton     ON",Clothing,-130.12,Posted
2025-10-03,"McDonald's","MCDONALD'S F13012        KATY         TX",Fast Food,-35.67,Posted
2025-10-02,"Invest529 via Virginia529","INVEST529        PAYMENT    ***********1-17",Investments,-20.00,Posted
2025-10-02,"Greenlight","GREENLIGHT       APP        ***********IGHT",Allowance,-20.00,Posted
2025-10-02,"H-E-B","HEB CURBSIDE             800-432-3113 TX",Groceries,-156.57,Posted
2025-10-02,"Amazon","Amazon.com*NJ62M8U11     Amzn.com/billWA",Shopping,-101.88,Posted
2025-10-02,"PJ's Coffee","SQ *PJ'S COFFEE OF NEW   Katy         TX",Coffee Shops,-27.32,Posted
2025-10-02,"Amazon","AMAZON MKTPL*NJ4RS1B42   Amzn.com/billWA",Shopping,-26.40,Posted
2025-10-02,"ThriftBooks","THRIFT BOOKS GLOBAL  LL  2532752241   WA",Books,-20.64,Posted
2025-10-02,"Roku","The Roku Channel         816-2728107  DE",Television,-12.99,Posted
2025-10-02,"Apple","APPLE.COM/BILL           866-712-7753 CA",Electronics & Software,-9.99,Posted
2025-10-02,"Amazon","Amazon.com*NJ0NT2IJ1     Amzn.com/billWA",Shopping,-9.64,Posted
2025-10-02,"Glaze Doughnuts","SQ *GLAZE DOUGHNUTS      Katy         TX",Fast Food,-5.33,Posted
2025-10-01,"Hyundai Motor Finance","HMF              HMFUSA.com ***********5062",Auto Payment,-869.76,Posted
2025-10-01,"PayPal Pay in 4","PAYPAL           INST XFER  ***********YIN4",Shopping,-152.41,Posted
2025-10-01,"Adobe","Adobe Inc                800-8336687  CA",Electronics & Software,-19.99,Posted
2025-10-01,"In-N-Out Burger","IN-N-OUT KATY            KATY         TX",Fast Food,-19.49,Posted
2025-10-01,"McDonald's","MCDONALD'S F13012        KATY         TX",Fast Food,-5.82,Posted
2025-10-01,"Patreon","Patreon Patreon* Membershwww.patreon.cCA",Entertainment,-2.00,Posted
2025-09-30,"Little Hands Lea","LITTLE HANDS LEA 2813943443 ***********1899",Babysitter & Daycare,-245.00,Posted
2025-09-30,"Temu","TEMU.COM                 130-248-0611 MA",Shopping,-82.60,Posted
2025-09-30,"Crust Pizza Co.","TST* CRUST PIZZA CO - K  KATY         TX",Restaurants,-59.34,Posted
2025-09-30,"H-E-B","H-E-B #797               KATY         TX",Groceries,-43.00,Posted
2025-09-30,"Pinwheel.com","PINWHEEL KID PHONE       PINWHEEL.COM TX",Bills & Utilities,-14.99,Posted
2025-09-30,"PJ's Coffee","SQ *PJ'S COFFEE OF NEW   gosq.com     TX",Coffee Shops,-14.58,Posted
2025-09-30,"Adobe","Adobe Inc                800-8336687  CA",Electronics & Software,-11.99,Posted
2025-09-29,"PayPal Purchase","PAYPAL           INST XFER  ***********LATE",Uncategorized,-112.79,Posted
2025-09-29,"CenterPoint Energy","CPENERGY ENTEX   ENT ACH DR ***********7098",Utilities,-50.00,Posted
2025-09-29,"PayPal Purchase","PAYPAL           INST XFER  ***********.COM",Uncategorized,-24.99,Posted
2025-09-29,"Checkout","CHECKOUT #74             KATY         TX",Gas,-38.49,Posted
2025-09-29,"PJ's Coffee","SQ *PJ'S COFFEE OF NEW   Katy         TX",Coffee Shops,-27.51,Posted
2025-09-29,"YouTube Premium","GOOGLE *YouTubePremium   Mountain ViewCA",Entertainment,-22.99,Posted
2025-09-29,"Amazon","Amazon.com*6G5P90133     Amzn.com/billWA",Shopping,-22.79,Posted
2025-09-29,"Samsung","Samsung                  800-7267864  NJ",Electronics & Software,-13.40,Posted
2025-09-29,"MTA OMNY","MTA*NYCT PAYGO           NEW YORK     NY",Public Transportation,-2.90,Posted
2025-09-29,"Alkami Technolog Payroll","ALKAMI TECHNOLOG PAYROLL    ***********3Y54",Paycheck,5448.69,Posted
2025-09-26,"Sunnova Solar","SUNNOVA          SOLAR      ***********5980",Utilities,-125.24,Posted
2025-09-26,"CiCi's Pizza","CICIS PIZZA #724 ARCADE  KATY         TX",Restaurants,-50.00,Posted
2025-09-26,"CiCi's Pizza","TIL*PL CICIS PIZZA 724   KATY         TX",Restaurants,-32.92,Posted
2025-09-26,"Apple","APPLE.COM/BILL           866-712-7753 CA",Electronics & Software,-20.96,Posted
2025-09-26,"Glaze Doughnuts","SQ *GLAZE DOUGHNUTS      Katy         TX",Fast Food,-6.33,Posted
2025-09-25,"Uber Pending Transaction","UBER   * PENDING         uber.com     CA",Rental Car & Taxi,-54.93,Posted
2025-09-25,"Chevron","KATY CHEVRON INC         KATY         TX",Gas,-51.24,Posted
2025-09-25,"McDonald's","MCDONALD'S F13012        KATY         TX",Fast Food,-42.00,Posted
2025-09-24,"Checkout","CHECKOUT #74             KATY         TX",Gas,-46.02,Posted
2025-09-24,"Pokémon Go","Google Pokemon           650-2530000  CA",Electronics & Software,-2.99,Posted
2025-09-23,"Little Hands Lea","LITTLE HANDS LEA 2813943443 ***********9731",Babysitter & Daycare,-245.00,Posted
2025-09-23,"McDonald's","MCDONALD'S F40992        KATY         TX",Fast Food,-33.71,Posted
2025-09-23,"Amazon","Amazon.com*1U7LF7KM3     Amzn.com/billWA",Shopping,-9.65,Posted
2025-09-22,"USAA Credit Card","USAA CREDIT CARD PAYMENT    ***********2531",Credit Card Payment,-533.00,Posted
2025-09-22,"USAA Credit Card","USAA CREDIT CARD PAYMENT    ***********4284",Credit Card Payment,-244.00,Posted
2025-09-22,"PayPal Purchase","PAYPAL           INST XFER  ***********LATE",Uncategorized,-112.79,Posted
2025-09-22,"Robinhood","ROBINHOOD        Funds      ***********7009",Transfer,-100.00,Posted
2025-09-22,"Heb Curbside","HEB CURBSIDE             800-432-3113 TX",Groceries,-172.69,Posted
2025-09-22,"Pinwheel.com","PINWHEEL KID PHONE       PINWHEEL.COM TX",Bills & Utilities,-142.02,Posted
2025-09-22,"fuboTV","FuboTV Inc               844-4413826  NY",Television,-98.49,Posted
2025-09-22,"Bona Fitness and Wellne","BONA FITNESS AND WELLNE  713-977-2662 TX",Health & Fitness,-40.00,Posted
2025-09-22,"Marco's Pizza","MARCOS PIZZA - 5185 - K  281-531-8500 TX",Fast Food,-37.52,Posted
2025-09-22,"Shell","SHELL OIL12979910010     KATY         TX",Gas,-32.23,Posted
2025-09-22,"AMC Theatres","AMC 9640 ONLINE          888-440-4262 KS",Movies & Dvds,-25.98,Posted
2025-09-22,"Audible","Audible*EO0M150G3        Amzn.com/billNJ",Books,-14.95,Posted
2025-09-22,"Human Rights Campaign","HUMAN RIGHTS CAMPAIGN    800-4980382  DC",Charity,-10.50,Posted
2025-09-22,"TikTok Shop","TIKTOK SHOP              TIKTOK.COM   CA",Shopping,-9.10,Posted
2025-09-22,"Glaze Doughnuts","SQ *GLAZE DOUGHNUTS      Katy         TX",Fast Food,-6.47,Posted
2025-09-22,"Apple","APPLE.COM/BILL           866-712-7753 CA",Electronics & Software,-4.97,Posted
2025-09-22,"Fubotv Inc","FuboTV Inc               844-4413826  NY",Utilities,98.49,Posted
2025-09-19,"Order Aristoiboostetx","ARISTOI BC* ORDER 0797   ARISTOIBOOSTETX",Gifts & Donations,-40.00,Posted
2025-09-19,"PJ's Coffee","SQ *PJ'S COFFEE OF NEW   Katy         TX",Coffee Shops,-26.58,Posted
2025-09-19,"Uncleyummy Ice Crea Flusher","SQ *UNCLEYUMMY ICE CREA  Flusher      TX",Fast Food,-24.95,Posted
2025-09-19,"Amazon","AMAZON MKTPL*ND5W00T53   Amzn.com/billWA",Shopping,-21.42,Posted
2025-09-19,"Amazon","AMAZON MKTPL*2X3P32LO3   Amzn.com/billWA",Shopping,-8.57,Posted
2025-09-18,"Interest Paid","INTEREST PAID",Interest Income,0.04,Posted
2025-09-18,"Fidium Fiber Cy","FIDIUM FIBER     BILLPAY    ***********CY P",Utilities,-101.45,Posted
2025-09-18,"Bubba's 33","BUBBA'S 33 #2854         KATY         TX",Restaurants,-150.81,Posted
2025-09-18,"PJ's Coffee","SQ *PJ'S COFFEE OF NEW   Katy         TX",Coffee Shops,-32.74,Posted
2025-09-18,"McDonald's","MCDONALD'S F40992        KATY         TX",Fast Food,-14.45,Posted
2025-09-18,"Shell","SHELL OIL 57541840906    KATY         TX",Gas,-5.94,Posted
2025-09-18,"Glaze Doughnuts","SQ *GLAZE DOUGHNUTS      Katy         TX",Fast Food,-3.98,Posted
2025-09-17,"Little Hands Lea","LITTLE HANDS LEA 2813943443 ***********1147",Babysitter & Daycare,-245.00,Posted
2025-09-17,"Oldtownanimal.com","OLDTOWNANIMAL.COM        281-3928387  TX",Pets,-54.25,Posted
2025-09-17,"Order Aristoiboostetx","ARISTOI BC* ORDER 0797   ARISTOIBOOSTETX",Gifts & Donations,-20.00,Posted
2025-09-17,"Amazon","AMAZON MKTPL*ZZ1WJ3LN3   Amzn.com/billWA",Shopping,-13.93,Posted
2025-09-17,"Glaze Doughnuts","SQ *GLAZE DOUGHNUTS      Katy         TX",Fast Food,-5.33,Posted
2025-09-16,"Capital One","CAPITAL ONE      TRANSFER   ***********C640",Transfer,-420.00,Posted
2025-09-16,"Firstmark","FIRSTMARK        PAYMENTS   ***********1304",Student Loan,-109.16,Posted
2025-09-16,"Brookshire Brothers","BROOKSHIRE BROTHERS #9   KATY         TX",Groceries,-53.74,Posted
2025-09-16,"PJ's Coffee","SQ *PJ'S COFFEE OF NEW   Katy         TX",Coffee Shops,-16.29,Posted
2025-09-16,"Heb Curbside","HEB CURBSIDE             SAN ANTONIO  TX",Groceries,4.33,Posted
2025-09-15,"M&T Mortgage","M & T MORTGAGE   MTG PYT    ***********6182",Mortgage & Rent,-3117.00,Posted
2025-09-15,"Barclaycard","BARCLAYCARD US   CREDITCARD ***********7011",Credit Card Payment,-363.04,Posted
2025-09-15,"Citi Credit Card Payment","CITI AUTOPAY     PAYMENT    ***********0193",Credit Card Payment,-300.00,Posted
2025-09-15,"PayPal Purchase","PAYPAL           INST XFER  ***********LATE",Uncategorized,-112.79,Posted
2025-09-15,"PayPal Pay in 4","PAYPAL           INST XFER  ***********YIN4",Shopping,-45.09,Posted
2025-09-15,"PayPal Pay in 4","PAYPAL           INST XFER  ***********YIN4",Shopping,-45.09,Posted
2025-09-15,"PayPal Pay in 4","PAYPAL           INST XFER  ***********YIN4",Shopping,-45.09,Posted
2025-09-15,"PayPal Pay in 4","PAYPAL           INST XFER  ***********YIN4",Shopping,-17.14,Posted
2025-09-15,"PayPal Purchase","PAYPAL           INST XFER  ***********1142",Uncategorized,-8.99,Posted
2025-09-15,"TikTok Shop","TikTok Shop              https://selleCA",Shopping,-169.26,Posted
2025-09-15,"Heb Curbside","HEB CURBSIDE             800-432-3113 TX",Groceries,-150.67,Posted
2025-09-15,"Marco's Pizza","MARCOS PIZZA - 5185 - K  281-531-8500 TX",Fast Food,-54.85,Posted
2025-09-15,"Amazon","AMAZON MKTPL*099943I53   Amzn.com/billWA",Shopping,-28.95,Posted
2025-09-15,"Glaze Doughnuts","SQ *GLAZE DOUGHNUTS      Katy         TX",Fast Food,-28.31,Posted
2025-09-15,"Adobe","Adobe Inc                San Jose     CA",Electronics & Software,-22.99,Posted
2025-09-15,"Amazon","AMAZON MKTPL*GQ6AI6TI3   Amzn.com/billWA",Shopping,-16.08,Posted
2025-09-15,"Disney+","Roku for Disney Electro  816-2728107  DE",Television,-15.99,Posted
2025-09-12,"Zelle Transfer to Marlon","Zelle: Marlon",Transfer,-60.00,Posted
2025-09-12,"PJ's Coffee","SQ *PJ'S COFFEE OF NEW   Katy         TX",Coffee Shops,-27.63,Posted
2025-09-12,"Ott Dropout","OTT* DROPOUT             DROPOUT.TV   CA",Television,-5.99,Posted
2025-09-12,"Alkami Technolog Payroll","ALKAMI TECHNOLOG PAYROLL    ***********1Y54",Paycheck,5448.69,Posted
2025-09-11,"H-E-B","HEB ONLINE #108          855-803-0611 TX",Groceries,-168.19,Posted
2025-09-11,"Chevron","CHEVRON 0387710          KATY         TX",Gas,-51.82,Posted
2025-09-11,"Amazon","AMAZON MKTPL*147VY1OS3   Amzn.com/billWA",Shopping,-39.56,Posted
2025-09-11,"McDonald's","MCDONALD'S F40992        KATY         TX",Fast Food,-33.83,Posted
2025-09-11,"Amazon","AMAZON MKTPL*JF65Z05R3   Amzn.com/billWA",Shopping,-32.44,Posted
2025-09-11,"Checkout","CHECKOUT #74             KATY         TX",Gas,-27.26,Posted
2025-09-11,"H-E-B","H-E-B #797               KATY         TX",Groceries,-16.00,Posted
2025-09-11,"Kindle","Kindle Svcs*TY8WW17I3    888-802-3080 WA",Books,-13.99,Posted
2025-09-11,"Chevron","CHEVRON 0387710          KATY         TX",Gas,-6.92,Posted
2025-09-10,"Katy Isd","RVT*Katy ISD     2813966000 ***********",Education,-0.25,Posted
2025-09-10,"PJ's Coffee","SQ *PJ'S COFFEE OF NEW   Katy         TX",Coffee Shops,-28.26,Posted
2025-09-10,"Amazon Digital Services","Amazon Digit*2J5ON7G23   888-802-3080 WA",Electronics & Software,-6.99,Posted
2025-09-09,"Little Hands Lea","LITTLE HANDS LEA 2813943443 ***********6179",Babysitter & Daycare,-245.00,Posted
2025-09-09,"PJ's Coffee","SQ *PJ'S COFFEE OF NEW   Katy         TX",Coffee Shops,-23.22,Posted
2025-09-09,"Freeprints","FREEPRINTS               8772488906   CA",Shopping,-4.31,Posted
2025-09-08,"PayPal Purchase","PAYPAL           INST XFER  ***********LATE",Uncategorized,-112.79,Posted
2025-09-08,"Waller Co Mud","WALLER CO MUD 37 FBS MDS WA ***********",Utilities,-108.00,Posted
2025-09-08,"BENEFEDS Dental and Vision","FEDVIP-BENEFEDS  FEDVIPPREM ***********4V01",Health & Fitness,-12.20,Posted
2025-09-08,"Klarna","KLARNA* TICKPICK         KLARNA.COM   OH",Financial,-99.88,Posted
2025-09-08,"Victors Mexican Gri","TST*VICTORS MEXICAN GRI  Katy         TX",Restaurants,-85.92,Posted
2025-09-08,"ExxonMobil","EXXON CHECKOUT #74       KATY         TX",Gas,-46.77,Posted
2025-09-08,"Five Below","FIVE BELOW 1173          KATY         TX",Shopping,-46.01,Posted
2025-09-08,"Marshalls","MARSHALLS #786           KATY         TX",Shopping,-19.47,Posted
2025-09-08,"Mason Road Skate Center","MASON ROAD SKATE CENTER  KATY         TX",Entertainment,-12.36,Posted
2025-09-08,"Five Below","FIVE BELOW 1173          KATY         TX",Shopping,-11.91,Posted
2025-09-08,"Peacock TV","Roku for Peacock TV LLC  816-2728107  DE",Television,-10.99,Posted
2025-09-08,"McDonald's","MCDONALD'S F40992        KATY         TX",Fast Food,-10.92,Posted
2025-09-08,"Amazon Digital Services","Amazon Digit*GU6YI2TQ3   888-802-3080 WA",Electronics & Software,-4.99,Posted
2025-09-05,"Apple","APPLE COM                CUPERTINO    CA",Electronics & Software,-2.99,Posted
2025-09-05,"Alkami Technolog Direct Pay","ALKAMI TECHNOLOG DIRECT-PAY ***********5269",Income,1156.51,Posted
2025-09-04,"Atlantic Energy Services","ATLANTIC ENERGY  SERVICES   ***********8081",Utilities,-261.41,Posted
2025-09-04,"Little Hands Lea","LITTLE HANDS LEA 2813943443 ***********6389",Babysitter & Daycare,-245.00,Posted
2025-09-04,"Progressive","PROG COUNTY MUT  INS PREM   ***********icah",Financial,-241.05,Posted
2025-09-04,"Capital One Credit Card Payment","CAPITAL ONE      CRCARDPMT  ***********NTGW",Credit Card Payment,-48.00,Posted
2025-09-04,"TD Bank","TD BANK          PAYMENT    ***********RILL",Transfer,-44.21,Posted
2025-09-04,"Invest529 via Virginia529","INVEST529        PAYMENT    ***********3-37",Investments,-30.00,Posted
2025-09-04,"Cash App Transfer to Bre Daddy","CASH APP*BRE DADDY       Oakland      CA",Transfer,-60.00,Posted
2025-09-04,"PJ's Coffee","SQ *PJ'S COFFEE OF NEW   Katy         TX",Coffee Shops,-30.31,Posted
2025-09-04,"Adobe","Adobe Inc                800-8336687  CA",Electronics & Software,-29.99,Posted
2025-09-04,"Med Mychart","MED*MYCHART              855-877-2808 TX",Doctor,-27.28,Posted
2025-09-04,"Mobile Deposit","DEPOSIT@MOBILE",Income,20.00,Posted
2025-09-03,"Kia Motors Finance","KMF              KMFUSA.com ***********4937",Auto Payment,-527.73,Posted
2025-09-03,"The Home Depot","HOME DEPOT       AUTO PYMT  ***********0425",Home Improvement,-250.00,Posted
2025-09-03,"Invest529 via Virginia529","INVEST529        PAYMENT    ***********1-47",Investments,-40.00,Posted
2025-09-03,"Invest529 via Virginia529","INVEST529        PAYMENT    ***********1-15",Investments,-20.00,Posted
2025-09-03,"PJ's Coffee","SQ *PJ'S COFFEE OF NEW   Katy         TX",Coffee Shops,-30.04,Posted
2025-09-03,"McDonald's","MCDONALD'S F13012        KATY         TX",Fast Food,-18.00,Posted
2025-09-02,"Hyundai Motor Finance","HMF              HMFUSA.com ***********5062",Auto Payment,-869.76,Posted
2025-09-02,"PayPal Purchase","PAYPAL           INST XFER  ***********LATE",Uncategorized,-112.79,Posted
2025-09-02,"Greenlight","GREENLIGHT       APP        ***********IGHT",Allowance,-20.00,Posted
2025-09-02,"H-E-B","H-E-B #797               KATY         TX",Groceries,-151.00,Posted
2025-09-02,"Scholars and Scoundrel","SCHOLARS AND SCOUNDREL   KATY         TX",Alcohol & Bars,-63.47,Posted
2025-09-02,"Adidas","adidas 6205 Katy         Katy         TX",Clothing,-37.87,Posted
2025-09-02,"Whataburger","WHATABURGER 1124         KATY         TX",Fast Food,-27.91,Posted
2025-09-02,"Amazon","AMAZON MKTPL*N27E14113   Amzn.com/billWA",Shopping,-27.87,Posted
2025-09-02,"Adobe","Adobe Inc                800-8336687  CA",Electronics & Software,-19.99,Posted
2025-09-02,"Amazon","Amazon.com*0D3WT8OU3     Amzn.com/billWA",Shopping,-19.48,Posted
2025-09-02,"AMC Theatres","AMC 9640 ONLINE          888-440-4262 KS",Movies & Dvds,-19.47,Posted
2025-09-02,"PJ's Coffee","SQ *PJ'S COFFEE OF NEW   Katy         TX",Coffee Shops,-15.43,Posted
2025-09-02,"Pinwheel.com","PINWHEEL KID PHONE       PINWHEEL.COM TX",Bills & Utilities,-14.99,Posted
2025-09-02,"Roku","The Roku Channel         816-2728107  DE",Television,-12.99,Posted
2025-09-02,"Adobe","Adobe Inc                800-8336687  CA",Electronics & Software,-11.99,Posted
2025-09-02,"Apple","APPLE.COM/BILL           866-712-7753 CA",Electronics & Software,-9.99,Posted
2025-09-02,"Patreon","Patreon Patreon* Membershwww.patreon.cCA",Entertainment,-2.00,Posted
2025-09-02,"Capital One","CAPITAL ONE      TRANSFER   RT06A7C3D7C3D0D",Transfer,60.00,Posted
2025-08-29,"PayPal Purchase","PAYPAL           INST XFER  ***********.COM",Uncategorized,-24.99,Posted
2025-08-29,"Cash App Transfer to Micah Morrill","CASH APP*MICAH MORRILL*  Oakland      CA",Transfer,-110.00,Posted
2025-08-29,"Cash App Transfer to Micah Morrill","CASH APP*MICAH MORRILL*  Oakland      CA",Transfer,-110.00,Posted
2025-08-28,"CenterPoint Energy","CPENERGY ENTEX   ENT ACH DR ***********7098",Utilities,-51.00,Posted
2025-08-28,"YouTube Premium","GOOGLE *YouTubePremium   Mountain ViewCA",Entertainment,-22.99,Posted
2025-08-28,"Alkami Technolog Payroll","ALKAMI TECHNOLOG PAYROLL    ***********2Y54",Paycheck,5448.70,Posted
2025-08-28,"Education Benefits for Veterans","VAED TREAS 310   XXVA EDUC  ***********3600",Income,2199.72,Posted
2025-08-28,"Education Benefits for Veterans","VAED TREAS 310   XXVA EDUC  ***********3600",Income,857.27,Posted
2025-08-28,"Education Benefits for Veterans","VAED TREAS 310   XXVA EDUC  ***********3600",Income,250.00,Posted
2025-08-27,"Samsung","SamsungElectronics       www.samsung.cNJ",Electronics & Software,-13.40,Posted
2025-08-26,"Little Hands Lea","LITTLE HANDS LEA 2813943443 ***********1767",Babysitter & Daycare,-245.00,Posted
2025-08-26,"Sunnova Solar","SUNNOVA          SOLAR      ***********2989",Utilities,-125.24,Posted
2025-08-26,"PayPal Purchase","PAYPAL           INST XFER  ***********LATE",Uncategorized,-112.79,Posted
2025-08-26,"Frontier Airlines","FRONTIER AIRLINES        DENVER       CO",Air Travel,-59.99,Posted
2025-08-26,"Apple","APPLE.COM/BILL           866-712-7753 CA",Electronics & Software,-2.99,Posted
2025-08-25,"Harris County Toll Road Authority","HCTRA EFT        EZTAGSTPPD ***********9732",Auto & Transport,-10.00,Posted
2025-08-25,"Pokémon Go","Google Pokemon           650-2530000  CA",Electronics & Software,-2.99,Posted
2025-08-25,"Zelle Transfer from Micah Morrill","Zelle: Micah Morrill",Income,800.00,Posted
2025-08-22,"McDonald's","MCDONALD'S F13012        KATY         TX",Fast Food,-52.00,Posted
2025-08-22,"Starbucks","STARBUCKS 8007827282     800-782-7282 WA",Coffee Shops,-25.00,Posted
2025-08-22,"McDonald's","MCDONALD'S F40992        KATY         TX",Fast Food,-6.69,Posted
2025-08-22,"Audible","Audible*TD1K85563        Amzn.com/billNJ",Books,-0.99,Posted
2025-08-21,"USAA Credit Card","USAA CREDIT CARD PAYMENT    ***********2531",Credit Card Payment,-517.00,Posted
2025-08-21,"USAA Credit Card","USAA CREDIT CARD PAYMENT    ***********4284",Credit Card Payment,-203.00,Posted
2025-08-21,"Bona Fitness and Wellne","BONA FITNESS AND WELLNE  713-977-2662 TX",Health & Fitness,-70.00,Posted
2025-08-21,"Little Caesars","LITTLE CAESARS 4637 Q67  KATY         TX",Fast Food,-29.74,Posted
2025-08-21,"Glaze Doughnuts","SQ *GLAZE DOUGHNUTS      Katy         TX",Fast Food,-13.67,Posted
2025-08-21,"Human Rights Campaign","HUMAN RIGHTS CAMPAIGN    800-4980382  DC",Charity,-10.50,Posted
2025-08-20,"Robinhood","ROBINHOOD        Funds      ***********7009",Transfer,-100.00,Posted
2025-08-20,"In-N-Out Burger","IN-N-OUT KATY            KATY         TX",Fast Food,-21.33,Posted
2025-08-20,"Barnes & Noble","BARNES & NOBLE #3504     HOUSTON      TX",Books,-15.20,Posted
2025-08-19,"Little Hands Lea","LITTLE HANDS LEA 2813943443 ***********7215",Babysitter & Daycare,-245.00,Posted
2025-08-19,"H-E-B","HEB ONLINE #108          855-803-0611 TX",Groceries,-124.32,Posted
2025-08-19,"Titos Tacos Katy Park","TITOS TACOS KATY         PARK ROW     TX",Fast Food,-31.18,Posted
2025-08-19,"PJ's Coffee","SQ *PJ'S COFFEE OF NEW   Katy         TX",Coffee Shops,-21.10,Posted
2025-08-18,"Interest Paid","INTEREST PAID",Interest Income,0.01,Posted
2025-08-18,"PayPal Purchase","PAYPAL           INST XFER  ***********LATE",Uncategorized,-112.79,Posted
2025-08-18,"Fidium Fiber Cy","FIDIUM FIBER     BILLPAY    ***********CY P",Utilities,-101.45,Posted
2025-08-18,"Snappys Cafe & Gril","TST*SNAPPYS CAFE & GRIL  Katy         TX",Food & Dining,-41.24,Posted
2025-08-18,"Amazon","AMAZON MKTPL*X09BW00A3   Amzn.com/billWA",Shopping,-35.03,Posted
2025-08-18,"Amazon","Amazon.com*U462130U3     Amzn.com/billWA",Shopping,-9.43,Posted
2025-08-18,"Sonic","SONIC DRIVE-IN           KATY         TX",Fast Food,-4.32,Posted
2025-08-15,"McDonald's","MCDONALD'S F13012        KATY         TX",Fast Food,-26.00,Posted
2025-08-15,"ExxonMobil","EXXON CHECKOUT #74       KATY         TX",Gas,-24.89,Posted
2025-08-14,"M&T Mortgage","M & T MORTGAGE   MTG PYT    ***********6182",Mortgage & Rent,-3117.00,Posted
2025-08-14,"Capital One","CAPITAL ONE      TRANSFER   ***********DC85",Transfer,-420.00,Posted
2025-08-14,"Firstmark","FIRSTMARK        PAYMENTS   ***********1304",Student Loan,-109.16,Posted
2025-08-14,"Katy Isd","RVT*Katy ISD     2813966000 ***********",Education,-50.00,Posted
2025-08-14,"Citi Credit Card Payment","CITI AUTOPAY     PAYMENT    ***********0048",Credit Card Payment,-17.11,Posted
2025-08-14,"PJ's Coffee","SQ *PJ'S COFFEE OF NEW   Katy         TX",Coffee Shops,-25.52,Posted
2025-08-14,"Adobe","Adobe Inc                San Jose     CA",Electronics & Software,-22.99,Posted
2025-08-14,"Swig","Swig Katy Fort Bend      Katy         TX",Fast Food,-9.46,Posted
2025-08-14,"Alkami Technolog Payroll","ALKAMI TECHNOLOG PAYROLL    ***********6Y54",Paycheck,5448.69,Posted
2025-08-13,"Barclaycard","BARCLAYCARD US   CREDITCARD ***********4225",Credit Card Payment,-354.85,Posted
2025-08-13,"Disney+","Roku for Disney Electro  816-2728107  DE",Television,-15.99,Posted
2025-08-12,"Little Hands Lea","LITTLE HANDS LEA 2813943443 ***********3369",Babysitter & Daycare,-245.00,Posted
2025-08-12,"Taylor Swift Shop Store Taylorsca","SP TAYLOR SWIFT SHOP     STORE.TAYLORSCA",Music,-43.26,Posted
2025-08-12,"Ott Dropout","OTT* DROPOUT             DROPOUT.TV   CA",Television,-5.99,Posted
2025-08-11,"PayPal Purchase","PAYPAL           INST XFER  ***********LATE",Uncategorized,-112.79,Posted
2025-08-11,"PayPal Purchase","PAYPAL           INST XFER  ***********IREM",Uncategorized,-30.00,Posted
2025-08-11,"H-E-B","HEB ONLINE #108          855-803-0611 TX",Groceries,-217.33,Posted
2025-08-11,"Cash App Transfer to Bre Daddy","CASH APP*BRE DADDY       Oakland      CA",Transfer,-65.00,Posted
2025-08-11,"Shell","SHELL OIL 57541840906    KATY         TX",Gas,-48.54,Posted
2025-08-11,"Glaze Doughnuts","SQ *GLAZE DOUGHNUTS      Katy         TX",Fast Food,-19.12,Posted
2025-08-11,"Amazon Digital Services","Amazon Digit*BG7AD42Y3   888-802-3080 WA",Electronics & Software,-6.99,Posted
2025-08-08,"Klarna","KLARNA* TICKPICK         KLARNA.COM   OH",Financial,-99.88,Posted
2025-08-08,"Amazon","AMAZON MKTPL*UV4GE5VW3   Amzn.com/billWA",Shopping,-61.26,Posted
2025-08-08,"Hteao Katy Katy Tx via Payrix","PY *HTEAO KATY           KATY         TX",Fast Food,-5.78,Posted
2025-08-08,"Glaze Doughnuts","SQ *GLAZE DOUGHNUTS      Katy         TX",Fast Food,-5.33,Posted
2025-08-07,"Waller County Mu","WALLER COUNTY MU FBS MDS WA ***********",Gas,-116.60,Posted
2025-08-07,"BENEFEDS Dental and Vision","FEDVIP-BENEFEDS  FEDVIPPREM ***********4V01",Health & Fitness,-12.20,Posted
2025-08-07,"AMC Theatres","AMC 9640 ONLINE          888-440-4262 KS",Movies & Dvds,-54.61,Posted
2025-08-07,"A Shaving Grace Barber","A SHAVING GRACE BARBER   KATY         TX",Hair,-36.00,Posted
2025-08-07,"A Shaving Grace Barber","A SHAVING GRACE BARBER   KATY         TX",Hair,-35.40,Posted
2025-08-07,"Brookshire Brothers","BROOKSHIRE BROTHERS #9   KATY         TX",Groceries,-26.44,Posted
2025-08-07,"Charleys Philly Steaks","CHARLEYS PHILLY STEAKS   KATY         TX",Fast Food,-23.78,Posted
2025-08-07,"McDonald's","MCDONALD'S F13012        KATY         TX",Fast Food,-17.29,Posted
2025-08-07,"Coca Cola","COCA-COLA NORTHPOINT TX  HOUSTON      TX",Food & Dining,-3.00,Posted
2025-08-06,"H-E-B","H-E-B #615               KATY         TX",Groceries,-16.00,Posted
2025-08-06,"Peacock TV","Roku for Peacock TV LLC  816-2728107  DE",Television,-7.99,Posted
2025-08-06,"Amazon Digital Services","Amazon Digit*UB3G453I3   888-802-3080 WA",Electronics & Software,-4.99,Posted
2025-08-05,"Little Hands Lea","LITTLE HANDS LEA 2819615495 ***********0990",Babysitter & Daycare,-255.00,Posted
2025-08-05,"Progressive","PROG COUNTY MUT  INS PREM   ***********icah",Financial,-241.07,Posted
2025-08-05,"Little Hands Lea","LITTLE HANDS LEA 2819615495 ***********6553",Babysitter & Daycare,-125.00,Posted
2025-08-05,"Affirm","AFFIRM INC       AFFIRM PAY ***********0151",Financial,-75.89,Posted
2025-08-05,"TD Bank","TD BANK          PAYMENT    ***********RILL",Transfer,-44.21,Posted
2025-08-05,"Invest529 via Virginia529","INVEST529        PAYMENT    ***********1-43",Investments,-40.00,Posted
2025-08-05,"Capital One Credit Card Payment","CAPITAL ONE      CRCARDPMT  ***********M0OG",Credit Card Payment,-31.00,Posted
2025-08-05,"Invest529 via Virginia529","INVEST529        PAYMENT    ***********3-33",Investments,-30.00,Posted
2025-08-05,"Chuck E. Cheese's","CHUCK E CHEESE 598       KATY         TX",Kids,-40.96,Posted
2025-08-05,"Chuck E. Cheese's","CHUCK E CHEESE 598       KATY         TX",Kids,-6.50,Posted
2025-08-05,"Chuck E. Cheese's","CHUCK E CHEESE 598       KATY         TX",Kids,-3.24,Posted
2025-08-05,"Apple","APPLE.COM/BILL           866-712-7753 CA",Electronics & Software,-2.99,Posted
2025-08-04,"Kia Motors Finance","KMF              KMFUSA.com ***********4937",Auto Payment,-527.73,Posted
2025-08-04,"The Home Depot","HOME DEPOT       AUTO PYMT  ***********0751",Home Improvement,-250.00,Posted
2025-08-04,"Atlantic Energy Services","ATLANTIC ENERGY  SERVICES   ***********7258",Utilities,-230.98,Posted
2025-08-04,"PayPal Purchase","PAYPAL           INST XFER  ***********LATE",Uncategorized,-66.99,Posted
2025-08-04,"Greenlight","GREENLIGHT       APP        ***********IGHT",Allowance,-20.00,Posted
2025-08-04,"Invest529 via Virginia529","INVEST529        PAYMENT    ***********1-13",Investments,-20.00,Posted
2025-08-04,"Nayax","NAYAX VENDING  88        HUNT VALLEY  MD",Fast Food,-53.03,Posted
2025-08-04,"Coffee Fellows Katy Katy","SQ *COFFEE FELLOWS KATY  Katy         TX",Coffee Shops,-31.69,Posted
2025-08-04,"Wetzel's Pretzels","TST* WETZEL'S PRETZELS   KATY         TX",Fast Food,-30.36,Posted
2025-08-04,"Adobe","Adobe Inc                800-8336687  CA",Electronics & Software,-29.99,Posted
2025-08-04,"Amazon","Amazon.com*M53O54N93     Amzn.com/billWA",Shopping,-25.76,Posted
2025-08-04,"Roku","The Roku Channel         816-2728107  DE",Television,-12.99,Posted
2025-08-04,"Smarte Carte","Strollers SmarteCarte 1  8008381176   TX",Travel,-12.00,Posted
2025-08-04,"Apple","APPLE.COM/BILL           866-712-7753 CA",Electronics & Software,-9.99,Posted
2025-08-04,"Heritage Amusements Katy","SQ *HERITAGE AMUSEMENTS  Katy         TX",Entertainment,-5.00,Posted
2025-08-04,"Coca Cola","COCA-COLA NORTHPOINT TX  HOUSTON      TX",Food & Dining,-3.25,Posted
2025-08-04,"Coca Cola","COCA-COLA NORTHPOINT TX  HOUSTON      TX",Food & Dining,-3.00,Posted
2025-08-04,"Canteen Vending Machine","CTLP*CANTEEN VENDING S   CHARLOTTE    NC",Fast Food,-1.85,Posted
2025-08-04,"Old Navy","OLD NAVY US 6138         KATY         TX",Clothing,-1.72,Posted
2025-08-01,"H-E-B","HEB ONLINE #108          855-803-0611 TX",Groceries,-271.36,Posted
2025-08-01,"Adobe Inc                800-8336687  CA","Adobe Inc                800-8336687  CA",Category Pending,-19.99,Posted
2025-08-01,"Patreon* Membership      www.patreon.cCA","Patreon* Membership      www.patreon.cCA",Category Pending,-2.00,Posted
2025-07-31,"HMF              HMFUSA.com ***********5062","HMF              HMFUSA.com ***********5062",Category Pending,-869.76,Posted
2025-07-31,"HCTRA EFT        EZTAGSTPPD ***********1038","HCTRA EFT        EZTAGSTPPD ***********1038",Category Pending,-10.00,Posted
2025-07-31,"BROOKSHIRE BROTHERS #9   KATY         TX","BROOKSHIRE BROTHERS #9   KATY         TX",Category Pending,-73.31,Posted
2025-07-31,"SQ *GLAZE DOUGHNUTS      Katy         TX","SQ *GLAZE DOUGHNUTS      Katy         TX",Category Pending,-17.28,Posted
2025-07-31,"PINWHEEL KID PHONE       PINWHEEL.COM TX","PINWHEEL KID PHONE       PINWHEEL.COM TX",Category Pending,-14.99,Posted
2025-07-31,"Adobe Inc                800-8336687  CA","Adobe Inc                800-8336687  CA",Category Pending,-11.99,Posted
2025-07-30,"CPENERGY ENTEX   ENT ACH DR ***********7098","CPENERGY ENTEX   ENT ACH DR ***********7098",Category Pending,-53.00,Posted
2025-07-30,"SHELL OIL 12687364005    ORLANDO      FL","SHELL OIL 12687364005    ORLANDO      FL",Category Pending,-50.83,Posted
2025-07-30,"SQ *PJ'S COFFEE OF NEW   Katy         TX","SQ *PJ'S COFFEE OF NEW   Katy         TX",Category Pending,-43.82,Posted
2025-07-30,"HUDSON ST1748            ORLANDO      FL","HUDSON ST1748            ORLANDO      FL",Category Pending,-23.41,Posted
2025-07-30,"Carts MCO SmarteCarte    Orlando      FL","Carts MCO SmarteCarte    Orlando      FL",Category Pending,-7.00,Posted
2025-07-30,"Carts MCO SmarteCarte    Orlando      FL","Carts MCO SmarteCarte    Orlando      FL",Category Pending,-7.00,Posted
2025-07-30,"HUDSON ST1748            ORLANDO      FL","HUDSON ST1748            ORLANDO      FL",Category Pending,-3.29,Posted
2025-07-30,"ALKAMI TECHNOLOG PAYROLL    ***********9Y54","ALKAMI TECHNOLOG PAYROLL    ***********9Y54",Category Pending,5448.69,Posted
2025-07-29,"LITTLE HANDS LEA 2819615495 ***********1484","LITTLE HANDS LEA 2819615495 ***********1484",Category Pending,-255.00,Posted
2025-07-29,"PAYPAL           INST XFER  ***********.COM","PAYPAL           INST XFER  ***********.COM",Category Pending,-24.99,Posted
2025-07-29,"Google YouTubePremium    650-2530000  CA","Google YouTubePremium    650-2530000  CA",Category Pending,-22.99,Posted
2025-07-28,"SUNNOVA          SOLAR      ***********6575","SUNNOVA          SOLAR      ***********6575",Category Pending,-125.24,Posted
2025-07-28,"PAYPAL           INST XFER  ***********LATE","PAYPAL           INST XFER  ***********LATE",Category Pending,-66.99,Posted
2025-07-28,"APPLE.COM/BILL           866-712-7753 CA","APPLE.COM/BILL           866-712-7753 CA",Category Pending,-74.99,Posted
2025-07-28,"SamsungElectronics       www.samsung.cNJ","SamsungElectronics       www.samsung.cNJ",Category Pending,-13.40,Posted
2025-07-28,"APPLE.COM/BILL           866-712-7753 CA","APPLE.COM/BILL           866-712-7753 CA",Category Pending,-2.99,Posted
2025-07-28,"CC ADVANCE - USAA.COM","CC ADVANCE - USAA.COM",Category Pending,500.00,Posted
2025-07-25,"Walt Disney World","WDW OUTDOOR VENDING      LAKE BUENA VIFL",Food & Dining,-5.50,Posted
2025-07-24,"Disney","LEGO DISNEY SPRINGS      Lake Buena ViFL",Entertainment,-21.28,Posted
2025-07-24,"Pokémon Go","Google Pokemon           650-2530000  CA",Electronics & Software,-2.99,Posted
2025-07-23,"Harris County Toll Road Authority","HCTRA EFT        EZTAGSTPPD ***********6806",Auto & Transport,-10.91,Posted
2025-07-22,"Little Hands Lea","LITTLE HANDS LEA 2819615495 ***********6182",Babysitter & Daycare,-255.00,Posted
2025-07-22,"Robinhood","ROBINHOOD        Funds      ***********7009",Transfer,-100.00,Posted
2025-07-22,"Chevron","CHEVRON 0387710          KATY         TX",Gas,-44.24,Posted
2025-07-22,"Human Rights Campaign","HUMAN RIGHTS CAMPAIGN    800-4980382  DC",Charity,-10.50,Posted
2025-07-21,"USAA Credit Card","USAA CREDIT CARD PAYMENT    ***********2531",Credit Card Payment,-232.00,Posted
2025-07-21,"USAA Credit Card","USAA CREDIT CARD PAYMENT    ***********4284",Credit Card Payment,-114.00,Posted
2025-07-21,"Cash App Transfer to Micah Morrill","CASH APP*MICAH MORRILL*  Oakland      CA",Transfer,-75.00,Posted
2025-07-21,"Bona Fitness and Wellne","BONA FITNESS AND WELLNE  713-977-2662 TX",Health & Fitness,-40.00,Posted
2025-07-21,"Bun Slut Katy Fort","TST* BUN SLUT KATY FORT  KATY         TX",Restaurants,-20.49,Posted
2025-07-21,"Katy","MMS-MHHS-KATY HSP        KATY         TX",Fast Food,-4.87,Posted
2025-07-21,"Katy","MMS-MHHS-KATY HSP        KATY         TX",Fast Food,-2.44,Posted
2025-07-18,"Interest Paid","INTEREST PAID",Interest Income,0.01,Posted
2025-07-18,"Amazon","AMAZON MKTPLACE PMTS     Amzn.com/billWA",Shopping,25.73,Posted
2025-07-17,"Fidium Fiber Cy","FIDIUM FIBER     BILLPAY    ***********CY P",Utilities,-89.95,Posted
2025-07-17,"Angies Star Touch","ANGIES 5 STAR TOUCH      KATY         TX",Home,-50.00,Posted
2025-07-16,"Amazon","AMAZON MKTPL*VC8196VV3   Amzn.com/billWA",Shopping,-82.04,Posted
2025-07-16,"Amazon","AMAZON MKTPL*5V36B3B63   Amzn.com/billWA",Shopping,-55.31,Posted
2025-07-16,"Frontier Airlines","FRONTIER AI IM4TPR       720-3744390  CO",Air Travel,-39.00,Posted
2025-07-16,"Katy Mills Retl","RFC KATY MILLS RETL      KATY         TX",Shopping,-10.81,Posted
2025-07-16,"Photo Booth","CTLP*APPLE PHOTO BOOTH   GREENVALE    NY",Entertainment,-10.00,Posted
2025-07-16,"Nayax","Nyx*NAYAX AMUSEMENTS     HUNT VALLEY  MD",Business Services,-7.00,Posted
2025-07-16,"Checkout","CHECKOUT #74             KATY         TX",Gas,-3.99,Posted
2025-07-15,"Capital One","CAPITAL ONE      TRANSFER   ***********291A",Transfer,-420.00,Posted
2025-07-15,"Little Hands Lea","LITTLE HANDS LEA 2819615495 ***********6865",Babysitter & Daycare,-255.00,Posted
2025-07-15,"Firstmark","FIRSTMARK        PAYMENTS   ***********1304",Student Loan,-109.16,Posted
2025-07-15,"Mint Mobile","MINT MOBILE              800-683-7392 CA",Mobile Phone,-97.24,Posted
2025-07-14,"M&T Mortgage","M & T MORTGAGE   MTG PYT    ***********6182",Mortgage & Rent,-3117.00,Posted
2025-07-14,"Barclaycard","BARCLAYCARD US   CREDITCARD ***********6943",Credit Card Payment,-348.21,Posted
2025-07-14,"PayPal Purchase","PAYPAL           INST XFER  ***********LATE",Uncategorized,-52.87,Posted
2025-07-14,"Xbox Game Pass Ultimate","MICROSOFT*ULTIMATE 3 M   MICROSOFT.COMWA",Electronics & Software,-59.99,Posted
2025-07-14,"Shell","SHELL OIL12979912016     KATY         TX",Gas,-48.39,Posted
2025-07-14,"Adobe","Adobe                    adobe.com    CA",Electronics & Software,-22.99,Posted
2025-07-14,"Disney+","Roku for Disney Electro  816-2728107  DE",Television,-15.99,Posted
2025-07-14,"Ott Dropout","OTT* DROPOUT             DROPOUT.TV   CA",Television,-5.99,Posted
2025-07-14,"Alkami Technolog Direct Deposit","ALKAMI TECHNOLOG DIRECT DEP ***********0Y54",Paycheck,5380.42,Posted
2025-07-09,"Med Memorial Hermann","MED*MEMORIAL HERMANN     713-338-5502 TX",Doctor,-88.19,Posted
2025-07-09,"Michaels","MICHAELS S               KATY         TX",Shopping,-26.84,Posted
2025-07-09,"PJ's Coffee","SQ *PJ'S COFFEE OF NEW   Katy         TX",Coffee Shops,-24.95,Posted
2025-07-08,"Little Hands Lea","LITTLE HANDS LEA 2819615495 ***********8537",Babysitter & Daycare,-255.00,Posted
2025-07-08,"BENEFEDS Dental and Vision","FEDVIP-BENEFEDS  FEDVIPPREM ***********4V01",Health & Fitness,-12.20,Posted
2025-07-08,"Harris County Toll Road Authority","HCTRA EFT        EZTAGSTPPD ***********9568",Auto & Transport,-10.00,Posted
2025-07-08,"Amazon","AMAZON.COM               SEATTLE      WA",Shopping,-158.32,Posted
2025-07-08,"Klarna","Klarna*TickPick          Columbus     OH",Financial,-99.88,Posted
2025-07-08,"Alicias Mexican Gri","TST*ALICIAS MEXICAN GRI  Katy         TX",Restaurants,-89.40,Posted
2025-07-07,"Progressive","PROG COUNTY MUT  INS PREM   ***********icah",Financial,-241.07,Posted
2025-07-07,"Waller County Mu","WALLER COUNTY MU FBS MDS WA ***********",Gas,-108.00,Posted
2025-07-07,"Affirm","AFFIRM INC       AFFIRM PAY ***********9039",Financial,-75.88,Posted
2025-07-07,"TD Bank","TD BANK          PAYMENT    ***********RILL",Transfer,-44.21,Posted
2025-07-07,"Invest529 via Virginia529","INVEST529        PAYMENT    ***********3-29",Investments,-30.00,Posted
2025-07-07,"Capital One Credit Card Payment","CAPITAL ONE      CRCARDPMT  ***********TXPS",Credit Card Payment,-25.00,Posted
2025-07-07,"H-E-B","H-E-B #615               KATY         TX",Groceries,-179.91,Posted
2025-07-07,"ExxonMobil","EXXON CHECKOUT #74       KATY         TX",Gas,-49.02,Posted
2025-07-07,"Jamba","TST* JAMBA JUICE - 0896  KATY         TX",Fast Food,-36.21,Posted
2025-07-07,"Starbucks","STARBUCKS 800-782-7282   800-782-7282 WA",Coffee Shops,-15.00,Posted
2025-07-07,"Peacock TV","Roku for Peacock TV LLC  816-2728107  DE",Television,-7.99,Posted
2025-07-07,"Apple","APPLE.COM/BILL           866-712-7753 CA",Electronics & Software,-2.99,Posted
2025-07-03,"Kia Motors Finance","KMF              KMFUSA.com ***********4937",Auto Payment,-527.73,Posted
2025-07-03,"The Home Depot","HOME DEPOT       AUTO PYMT  ***********0472",Home Improvement,-250.00,Posted
2025-07-03,"Invest529 via Virginia529","INVEST529        PAYMENT    ***********1-39",Investments,-40.00,Posted
2025-07-03,"Amazon","Amazon.com*N385370A0     Amzn.com/billWA",Shopping,-101.88,Posted
2025-07-02,"Atlantic Energy Services","ATLANTIC ENERGY  SERVICES   ***********9003",Utilities,-96.53,Posted
2025-07-02,"Greenlight","GREENLIGHT       APP        ***********IGHT",Allowance,-20.00,Posted
2025-07-02,"Invest529 via Virginia529","INVEST529        PAYMENT    ***********1-11",Investments,-20.00,Posted
2025-07-02,"Roku","The Roku Channel         816-2728107  DE",Television,-12.99,Posted
2025-07-02,"Apple","APPLE.COM/BILL           866-712-7753 CA",Electronics & Software,-9.99,Posted
2025-07-01,"Hyundai Motor Finance","HMF              HMFUSA.com ***********5062",Auto Payment,-869.76,Posted
2025-07-01,"Little Hands Lea","LITTLE HANDS LEA 2819615495 ***********7327",Babysitter & Daycare,-255.00,Posted
2025-07-01,"H-E-B","H-E-B #797               KATY         TX",Groceries,-220.14,Posted
2025-07-01,"Amazon","AMAZON MKTPL*NQ0ZD0YF0   Amzn.com/billWA",Shopping,-25.73,Posted
2025-07-01,"Adobe","Adobe                    adobe.com    CA",Electronics & Software,-19.99,Posted
2025-07-01,"H-E-B","H-E-B #797               KATY         TX",Groceries,-16.00,Posted
2025-07-01,"Patreon","Patreon Patreon* Membershwww.patreon.cCA",Entertainment,-2.00,Posted
2025-06-30,"PayPal Purchase","PAYPAL           INST XFER  ***********.COM",Uncategorized,-24.99,Posted
2025-06-30,"H-E-B","HEB ONLINE #108          855-803-0611 TX",Groceries,-186.78,Posted
2025-06-30,"YouTube Premium","GOOGLE *YouTubePremium   Mountain ViewCA",Entertainment,-22.99,Posted
2025-06-30,"Pinwheel.com","PINWHEEL KID PHONE       PINWHEEL.COM TX",Bills & Utilities,-14.99,Posted
2025-06-30,"Adobe","Adobe                    adobe.com    CA",Electronics & Software,-11.99,Posted
2025-06-27,"CenterPoint Energy","CPENERGY ENTEX   ENT ACH DR ***********7098",Utilities,-54.00,Posted
2025-06-27,"PayPal Pay in 4","PAYPAL           INST XFER  ***********YIN4",Shopping,-50.86,Posted
2025-06-27,"USAA Funds Transfer DB","USAA FUNDS TRANSFER DB",Transfer,-600.00,Posted
2025-06-27,"Samsung","Samsung                  800-7267864  NJ",Electronics & Software,-13.40,Posted
2025-06-27,"Alkami Technolog Direct Deposit","ALKAMI TECHNOLOG DIRECT DEP ***********6Y54",Paycheck,5414.67,Posted
2025-06-26,"Sunnova Solar","SUNNOVA          SOLAR      ***********8942",Utilities,-125.24,Posted
2025-06-26,"Amazon","Amazon.com*NQ7728AD1     Amzn.com/billWA",Shopping,-28.49,Posted
2025-06-26,"McDonald's","MCDONALD'S F13012        KATY         TX",Fast Food,-12.42,Posted
2025-06-26,"H-E-B","H-E-B #797               KATY         TX",Groceries,-1.60,Posted
2025-06-26,"USAA Credit Card Cash Advance","CC ADVANCE - USAA.COM",Transfer,300.00,Posted
2025-06-25,"McDonald's","MCDONALD'S F13012        KATY         TX",Fast Food,-32.53,Posted
2025-06-25,"Lava Coffee","TST* LAVA COFFEE         KATY         TX",Coffee Shops,-20.93,Posted
2025-06-25,"Chuck E. Cheese's","CHUCK E CHEESE 598       KATY         TX",Kids,-6.50,Posted
2025-06-24,"Little Hands Lea","LITTLE HANDS LEA 2819615495 ***********2533",Babysitter & Daycare,-255.00,Posted
2025-06-24,"Pokémon Go","Google Pokemon           650-2530000  CA",Electronics & Software,-2.99,Posted
2025-06-24,"Circle K","CIRCLE K #2740541        ROANS PRAIRIETX",Gas,-1.07,Posted
2025-06-24,"PropertyRecs","Propertyrec.com          866-2420544  NM",Legal,30.00,Posted
2025-06-23,"USAA Credit Card","USAA CREDIT CARD PAYMENT    ***********2531",Credit Card Payment,-227.00,Posted
2025-06-23,"USAA Credit Card","USAA CREDIT CARD PAYMENT    ***********4284",Credit Card Payment,-114.00,Posted
2025-06-23,"Robinhood","ROBINHOOD        Funds      ***********7009",Transfer,-100.00,Posted
2025-06-23,"Mint Mobile","MINT MOBILE              800-683-7392 CA",Mobile Phone,-199.78,Posted
2025-06-23,"Buzz & Bites Coffee","BUZZ & BITES COFFEE SH   KATY         TX",Coffee Shops,-40.68,Posted
2025-06-23,"Bona Fitness and Wellne","BONA FITNESS AND WELLNE  713-977-2662 TX",Health & Fitness,-40.00,Posted
2025-06-23,"PropertyRecs","Propertyrec.com          866-2420544  NM",Legal,-30.00,Posted
2025-06-23,"In-N-Out Burger","IN-N-OUT KATY            KATY         TX",Fast Food,-19.49,Posted
2025-06-23,"Human Rights Campaign","HUMAN RIGHTS CAMPAIGN    800-4980382  DC",Charity,-10.50,Posted
2025-06-23,"McDonald's","MCDONALD'S F12848        NAVASOTA     TX",Fast Food,-5.85,Posted
2025-06-23,"Zelle Transfer from Micah Morrill","Zelle: Micah Morrill",Income,600.00,Posted
2025-06-20,"Amazon","AMZN Digital*NO5411962   888-802-3080 WA",Entertainment,-1.99,Posted
2025-06-18,"Interest Paid","INTEREST PAID",Interest Income,0.03,Posted
2025-06-18,"Gexa Energy Electric","GEXA ENERGY      ELECTRIC   ***********1773",Utilities,-239.82,Posted
2025-06-18,"Fidium Fiber Cy","FIDIUM FIBER     BILLPAY    ***********CY P",Utilities,-86.45,Posted
2025-06-18,"Domino's","DOMINO'S 6740            734-930-3030 TX",Fast Food,-30.76,Posted
2025-06-18,"Checkout","CHECKOUT #74             KATY         TX",Gas,-26.02,Posted
2025-06-18,"AMC Theatres","AMC 0148 KATY MILLS 20   KATY         TX",Movies & Dvds,-23.24,Posted
2025-06-18,"Kolache Factory Woodc","KOLACHE FACTORY - WOODC  KATY         TX",Restaurants,-8.93,Posted
2025-06-17,"Little Hands Lea","LITTLE HANDS LEA 2819615495 ***********6624",Babysitter & Daycare,-255.00,Posted
2025-06-17,"ExxonMobil","EXXON CHECKOUT #74       KATY         TX",Gas,-47.75,Posted
2025-06-17,"McDonald's","MCDONALD'S F13012        KATY         TX",Fast Food,-20.53,Posted
2025-06-16,"United Wholesale Mortgage","UWM MORTGAGE     UWM MORTGA ***********7940",Mortgage & Rent,-3117.00,Posted
2025-06-16,"Capital One","CAPITAL ONE      TRANSFER   ***********21B4",Transfer,-420.00,Posted
2025-06-16,"Citi Credit Card Payment","CITI AUTOPAY     PAYMENT    ***********0194",Credit Card Payment,-300.00,Posted
2025-06-16,"Firstmark","FIRSTMARK        PAYMENTS   ***********1304",Student Loan,-109.16,Posted
2025-06-16,"Wells Fargo Credit Card","WF Credit Card   AUTO PAY   ***********4612",Credit Card Payment,-25.00,Posted
2025-06-16,"Wayfair","WF* WAYFAIR4394513095    WAYFAIR.COM  MA",Furnishings,-137.91,Posted
2025-06-16,"H-E-B","H-E-B #797               KATY         TX",Groceries,-83.48,Posted
2025-06-16,"Chamos Food Truck","CHAMOS FOOD TRUCK LLC    KATY         TX",Food & Dining,-60.36,Posted
2025-06-16,"No Label Brewing Co","TST*NO LABEL BREWING CO  Katy         TX",Alcohol & Bars,-50.40,Posted
2025-06-16,"Walgreens","WALGREENS STORE 5161 FR  KATY         TX",Pharmacy,-47.87,Posted
2025-06-16,"Anle Asian F&b Llc Houston","SQ *ANLE ASIAN F&B LLC   Houston      TX",Food & Dining,-45.98,Posted
2025-06-16,"Tokyo Night Festiva Houston","SQ *TOKYO NIGHT FESTIVA  Houston      TX",Entertainment,-42.22,Posted
2025-06-16,"The Dragons Hoard","SP THE DRAGONS HOARD     190-33905545 TX",Shopping,-37.88,Posted
2025-06-16,"DoorDash","DD *DOORDASH COCOADONU   855-973-1040 CA",Food & Dining,-36.13,Posted
2025-06-16,"The Princess and Yo Houston","SQ *THE PRINCESS AND YO  Houston      TX",Entertainment,-35.00,Posted
2025-06-16,"Park","NRG PARK                 HOUSTON      TX",Parking,-27.06,Posted
2025-06-16,"Adobe","Adobe                    adobe.com    CA",Electronics & Software,-22.99,Posted
2025-06-16,"Mdrn Otaku","SQ *MDRN OTAKU           Houston      TX",Clothing,-22.73,Posted
2025-06-16,"McDonald's","MCDONALD'S F13012        KATY         TX",Fast Food,-19.33,Posted
2025-06-16,"Shell","SHELL OIL 12780814005    KATY         TX",Gas,-16.70,Posted
2025-06-16,"McDonald's","MCDONALD'S F40992        KATY         TX",Fast Food,-14.38,Posted
2025-06-16,"McDonald's","MCDONALD'S F13012        KATY         TX",Fast Food,-9.82,Posted
2025-06-16,"Temu","TEMU.COM                 130-248-0611 MA",Shopping,-9.61,Posted
2025-06-16,"Graceful Grazing Ta Katy","SQ *GRACEFUL GRAZING TA  Katy         TX",Restaurants,-6.00,Posted
2025-06-13,"Barclaycard","BARCLAYCARD US   CREDITCARD ***********2931",Credit Card Payment,-293.12,Posted
2025-06-13,"Chuck E. Cheese's","CHUCK E CHEESE 598       KATY         TX",Kids,-22.31,Posted
2025-06-13,"Chuck E. Cheese's","CHUCK E CHEESE 598       KATY         TX",Kids,-16.24,Posted
2025-06-13,"Disney+","Roku for Disney Electro  816-2728107  DE",Television,-15.99,Posted
2025-06-13,"Kolache Factory Woodc","KOLACHE FACTORY - WOODC  KATY         TX",Restaurants,-14.28,Posted
2025-06-13,"Chuck E. Cheese's","CHUCK E CHEESE 598       KATY         TX",Kids,-8.95,Posted
2025-06-13,"Chuck E. Cheese's","CHUCK E CHEESE 598       KATY         TX",Kids,-6.21,Posted
2025-06-12,"Brookshire Brothers","BROOKSHIRE BROTHERS #9   KATY         TX",Groceries,-38.48,Posted
2025-06-12,"Ott Dropout","OTT* DROPOUT             DROPOUT.TV   CA",Television,-5.99,Posted
2025-06-12,"Google Play","Google playstore         650-2530000  CA",Electronics & Software,-5.99,Posted
2025-06-12,"Alkami Technolog Direct Deposit","ALKAMI TECHNOLOG DIRECT DEP ***********4Y54",Paycheck,5448.69,Posted
2025-06-11,"PayPal Pay in 4","PAYPAL           INST XFER  ***********YIN4",Shopping,-50.87,Posted
2025-06-11,"PayPal Pay in 4","PAYPAL           INST XFER  ***********YIN4",Shopping,-44.72,Posted
2025-06-11,"Chuck E. Cheese's","CHUCK E CHEESE 598       KATY         TX",Kids,-149.99,Posted
2025-06-11,"Black Bear Diner","TST* BLACK BEAR DINER -  KATY         TX",Restaurants,-51.23,Posted
2025-06-11,"Chuck E. Cheese's","CHUCK E CHEESE 598       KATY         TX",Kids,-32.03,Posted
2025-06-11,"Amazon","Amazon.com*NH5X885E0     Amzn.com/billWA",Shopping,-18.75,Posted
2025-06-11,"Chuck E. Cheese's","CHUCK E CHEESE 598       KATY         TX",Kids,-9.73,Posted
2025-06-11,"Chuck E. Cheese's","CHUCK E CHEESE 598       KATY         TX",Kids,-5.72,Posted
2025-06-10,"Little Hands Lea","LITTLE HANDS LEA 2819615495 ***********4954",Babysitter & Daycare,-255.00,Posted
2025-06-10,"New York Times","GOOGLE *New York Times   855-836-3987 CA",Newspapers & Magazines,-39.99,Posted
2025-06-10,"Starbucks","STARBUCKS 23257          KATY         TX",Coffee Shops,-7.55,Posted
2025-06-09,"Waller County Mu","WALLER COUNTY MU FBS MDS WA ***********",Gas,-120.90,Posted
2025-06-09,"H-E-B","HEB ONLINE #108          855-803-0611 TX",Groceries,-295.78,Posted
2025-06-09,"Zelle Transfer to Marlon","Zelle: Marlon",Transfer,-60.00,Posted
2025-06-09,"Chick-fil-A","CHICK-FIL-A #03745       KATY         TX",Fast Food,-45.72,Posted
2025-06-09,"Chevron","CHEVRON 0387710          KATY         TX",Gas,-44.87,Posted
2025-06-09,"Walgreens","WALGREENS STORE 25620 K  KATY         TX",Pharmacy,-12.99,Posted
2025-06-09,"Chevron","CHEVRON 0387710          KATY         TX",Gas,-12.98,Posted
2025-06-09,"Blink","Blink                    amzn.com/billWA",Home Services,-10.60,Posted
2025-06-09,"McDonald's","MCDONALD'S F13012        KATY         TX",Fast Food,-8.74,Posted
2025-06-09,"Kolache Factory Woodc","KOLACHE FACTORY - WOODC  KATY         TX",Restaurants,-6.90,Posted
2025-06-09,"Checkout","CHECKOUT #74             KATY         TX",Gas,-3.78,Posted
2025-06-06,"Harris County Toll Road Authority","HCTRA EFT        EZTAGSTPPD ***********0377",Auto & Transport,-23.53,Posted
2025-06-06,"BENEFEDS Dental and Vision","FEDVIP-BENEFEDS  FEDVIPPREM ***********4V01",Health & Fitness,-12.20,Posted
2025-06-06,"Brookshire Brothers","BROOKSHIRE BROTHERS #9   KATY         TX",Groceries,-109.96,Posted
2025-06-06,"Zelle Transfer to Marlon","Zelle: Marlon",Transfer,-60.00,Posted
2025-06-06,"Amazon","Amazon.com*NH7EB00X2     Amzn.com/billWA",Shopping,-20.56,Posted
2025-06-06,"Smarte Carte","Strollers SmarteCarte 1  Katy         TX",Travel,-12.00,Posted
2025-06-06,"Nintendo","Nintendo CC1411400264    800-2553700  WA",Electronics & Software,-9.99,Posted
2025-06-06,"Peacock TV","Roku for Peacock TV LLC  816-2728107  DE",Television,-7.99,Posted
2025-06-06,"Texas Toys","TEXAS TOYS - B350        KATY         TX",Toys,-6.50,Posted
2025-06-06,"Heritage Amusements Katy","SQ *HERITAGE AMUSEMENTS  Katy         TX",Entertainment,-5.00,Posted
2025-06-06,"Apple","APPLE.COM/BILL           866-712-7753 CA",Electronics & Software,-2.99,Posted
2025-06-05,"Affirm","AFFIRM INC       AFFIRM PAY ***********3510",Financial,-75.88,Posted
2025-06-05,"Quest Diagnostics","QUEST DIAGNOSTIC LAB TESTS  ***********5946",Doctor,-7.18,Posted
2025-06-05,"Wix.com","WIX.COM                  1-415-6399034CA",Hosting,-21.35,Posted
2025-06-05,"Checkout","CHECKOUT #74             KATY         TX",Gas,-14.92,Posted
2025-06-05,"Glaze Doughnuts","SQ *GLAZE DOUGHNUTS      Katy         TX",Fast Food,-9.10,Posted
2025-06-04,"Progressive","PROG COUNTY MUT  INS PREM   ***********icah",Financial,-241.07,Posted
2025-06-04,"TD Bank","TD BANK          PAYMENT    ***********RILL",Transfer,-44.21,Posted
2025-06-04,"Invest529 via Virginia529","INVEST529        PAYMENT    ***********3-25",Investments,-30.00,Posted
2025-06-04,"Nelson's Barrelhouse","NELSON'S BARRELHOUSE C   NASHVILLE    TN",Restaurants,-54.72,Posted
2025-06-04,"PJ's Coffee","SQ *PJ'S COFFEE OF NEW   Katy         TX",Coffee Shops,-28.91,Posted
2025-06-04,"Hudson News","HUDSON ST1417            RICHMOND     VA",Shopping,-14.21,Posted
2025-06-04,"West End News","WEST END NEWS ST2805     NASHVILLE    TN",Newspapers & Magazines,-7.67,Posted
2025-06-04,"District News","DISTRICT NEWS ST2806     NASHVILLE    TN",Newspapers & Magazines,-6.57,Posted
2025-06-03,"Kia Motors Finance","KMF              KMFUSA.com ***********4937",Auto Payment,-527.73,Posted
2025-06-03,"Little Hands Lea","LITTLE HANDS LEA 2819615495 ***********1926",Babysitter & Daycare,-255.00,Posted
2025-06-03,"The Home Depot","HOME DEPOT       AUTO PYMT  ***********0063",Home Improvement,-250.00,Posted
2025-06-03,"Invest529 via Virginia529","INVEST529        PAYMENT    ***********1-35",Investments,-40.00,Posted
2025-06-03,"Invest529 via Virginia529","INVEST529        PAYMENT    ***********31-9",Investments,-20.00,Posted
2025-06-03,"Shell","SHELL OIL 57546332503    WILLIAMSBURG VA",Gas,-56.86,Posted
2025-06-03,"Amazon","AMAZON MKTPL*N61RJ43M0   Amzn.com/billWA",Shopping,-20.37,Posted
2025-06-03,"Viasat","VIASATSWAIRLINES         Carlsbad     CA",Internet,-8.00,Posted
2025-06-02,"Hyundai Motor Finance","HMF              HMFUSA.com ***********5062",Auto Payment,-869.76,Posted
2025-06-02,"Gexa Energy Electric","GEXA ENERGY      ELECTRIC   ***********4570",Utilities,-330.91,Posted
2025-06-02,"Greenlight","GREENLIGHT       APP        ***********IGHT",Allowance,-20.00,Posted
2025-06-02,"Transfer to Apple Pay","APPLE CASH SENT MONEY    1INFINITELOOPCA",Transfer,-160.00,Posted
2025-06-02,"University of Richmond","UNIVERSITY OF RICHMOND   804-2898095  VA",Education,-102.62,Posted
2025-06-02,"Fuelrod","FUELROD                  8443835763   CA",Gas,-64.20,Posted
2025-06-02,"Silver Diner Inn Glen","TST* SILVER DINER - INN  GLEN ALLEN   VA",Restaurants,-49.97,Posted
2025-06-02,"Domino's","DOMINO'S 4278            734-930-3030 VA",Fast Food,-29.58,Posted
2025-06-02,"Wawa","WAWA 8605                SANDSTON     VA",Gas,-26.56,Posted
2025-06-02,"Busch Gardens","BUSCH GARDENS GIFTS      WILLIAMSBURG VA",Amusement,-21.99,Posted
2025-06-02,"H B Leisure Williamsbur","H B LEISURE WILLIAMSBUR  WILLIAMSBURG VA",Shopping,-20.00,Posted
2025-06-02,"Adobe","Adobe                    adobe.com    CA",Electronics & Software,-19.99,Posted
2025-06-02,"Pinwheel.com","PINWHEEL KID PHONE       PINWHEEL.COM TX",Bills & Utilities,-14.99,Posted
2025-06-02,"Roku","The Roku Channel         816-2728107  DE",Television,-12.99,Posted
2025-06-02,"Adobe","Adobe                    adobe.com    CA",Electronics & Software,-11.99,Posted
2025-06-02,"Kamansart.com","KAMANSART-KUDOS-PHOTOS   KAMANSART.COMOH",Shopping,-10.61,Posted
2025-06-02,"Apple","APPLE.COM/BILL           866-712-7753 CA",Electronics & Software,-9.99,Posted
2025-06-02,"Venuplus Inc","CTLP*Venuplus Inc        ORLANDO      FL",Fast Food,-4.00,Posted
2025-06-02,"Venuplus Inc","CTLP*Venuplus Inc        ORLANDO      FL",Fast Food,-4.00,Posted
2025-06-02,"CSC Service Works","COINMACH ASHLAND VA      ASHLAND      VA",Laundry,-2.75,Posted
2025-06-02,"CSC Service Works","COINMACH ASHLAND VA      ASHLAND      VA",Laundry,-2.50,Posted
2025-06-02,"Patreon","Patreon* Membership      Internet     CA",Entertainment,-2.00,Posted
2025-05-30,"7-Eleven","7-ELEVEN                 Glen Allen   VA",Gas,-90.25,Posted
2025-05-30,"Atl Shop","ATL CNBC Shop            Atlanta      GA",Shopping,-39.89,Posted
2025-05-30,"Asian Chao","ASIAN CHAO               ATLANTA      GA",Food & Dining,-34.12,Posted
2025-05-30,"Dunkin'","DUNKIN/FATCAT CREAMERY   HOUSTON      TX",Coffee Shops,-25.69,Posted
2025-05-30,"Wi-Fi Onboard","WIFIONBOARD              INTELSAT.COM IL",Internet,-15.95,Posted
2025-05-30,"Chick-fil-A","CHICK-FIL-A #02964       KATY         TX",Fast Food,-9.04,Posted
2025-05-30,"Atl Shop","ATL CNBC Shop            Atlanta      GA",Shopping,-6.53,Posted
2025-05-30,"Wi-Fi Onboard","WIFIONBOARD              INTELSAT.COM IL",Internet,-4.95,Posted
2025-05-30,"7-Eleven","7-ELEVEN                 Glen Allen   VA",Gas,-4.23,Posted
2025-05-29,"PayPal Purchase","PAYPAL           INST XFER  ***********.COM",Uncategorized,-24.99,Posted
2025-05-29,"Hou Shadylane Market","HOU ShadyLaneMktpl       Houston      TX",Shopping,-38.48,Posted
2025-05-29,"Hou Shadylane Market","HOU ShadyLaneMktpl       Houston      TX",Shopping,-31.01,Posted
2025-05-29,"In-N-Out Burger","IN-N-OUT KATY            KATY         TX",Fast Food,-24.84,Posted
2025-05-29,"H-E-B","H-E-B #797               KATY         TX",Groceries,-16.00,Posted
2025-05-29,"Smarte Carte","Strollers SmarteCarte 1  Katy         TX",Travel,-12.00,Posted
2025-05-29,"Dippin' Dots","DIPPIN DOTS              KATY         TX",Fast Food,-10.63,Posted
2025-05-29,"Alkami Technolog Direct Deposit","ALKAMI TECHNOLOG DIRECT DEP ***********9Y54",Paycheck,5448.70,Posted
2025-05-29,"Education Benefits for Veterans","VAED TREAS 310   XXVA EDUC  ***********3600",Income,782.95,Posted
2025-05-28,"Little Hands Lea","LITTLE HANDS LEA 2819615495 ***********1463",Babysitter & Daycare,-255.00,Posted
2025-05-28,"Sunnova Solar","SUNNOVA          SOLAR      ***********1406",Utilities,-125.24,Posted
2025-05-28,"CenterPoint Energy","CPENERGY ENTEX   ENT ACH DR ***********7098",Utilities,-56.00,Posted
2025-05-28,"H-E-B","HEB ONLINE #108          855-803-0611 TX",Groceries,-172.79,Posted
2025-05-28,"Supercuts","Supercuts                Katy         TX",Hair,-52.00,Posted
2025-05-28,"Amazon","AMAZON MKTPL*NN7RF73R0   Amzn.com/billWA",Shopping,-26.74,Posted
2025-05-28,"YouTube Premium","Google YouTubePremium    650-2530000  CA",Entertainment,-22.99,Posted
2025-05-27,"PayPal Pay in 4","PAYPAL           INST XFER  ***********YIN4",Shopping,-64.04,Posted
2025-05-27,"PayPal Pay in 4","PAYPAL           INST XFER  ***********YIN4",Shopping,-50.87,Posted
2025-05-27,"Greenlight","GREENLIGHT       APP        ***********IGHT",Allowance,-15.00,Posted
2025-05-27,"Zelle Transfer to Itziar","Zelle: Itziar",Transfer,-152.00,Posted
2025-05-27,"Drunk Shakespeare","TST*DRUNK SHAKESPEARE -  857-333-5190 TX",Alcohol & Bars,-127.64,Posted
2025-05-27,"Zelle Transfer to Etienne","Zelle: Etienne",Transfer,-103.80,Posted
2025-05-27,"Amazon","Amazon.com*NZ9O16YS1     Amzn.com/billWA",Shopping,-74.19,Posted
2025-05-27,"ExxonMobil","EXXON CHECKOUT #74       KATY         TX",Gas,-47.42,Posted
2025-05-27,"The Waffle Bus","SQ *THE WAFFLE BUS       Katy         TX",Fast Food,-46.06,Posted
2025-05-27,"ExxonMobil","EXXON CHECKOUT #74       KATY         TX",Gas,-44.49,Posted
2025-05-27,"Checkout","CHECKOUT #74             KATY         TX",Gas,-42.20,Posted
2025-05-27,"Subway","Subway 50508             128-13710023 TX",Fast Food,-36.91,Posted
2025-05-27,"Franks Pizza","FRANKS PIZZA - HOUSTON   HOUSTON      TX",Food & Dining,-36.90,Posted
2025-05-27,"McDonald's","MCDONALD'S F40992        KATY         TX",Fast Food,-35.09,Posted
2025-05-27,"Park First Block","PARK FIRST - BLOCK 43    504-525-9017 TX",Parking,-27.76,Posted
2025-05-27,"Kyle Switch Plates","BLT*Kyle Switch Plates   800-5515953  CA",Furnishings,-26.90,Posted
2025-05-27,"Amazon","AMAZON MKTPL*NZ4G999G1   Amzn.com/billWA",Shopping,-23.58,Posted
2025-05-27,"Amazon","AMAZON MKTPL*NN0BV08T2   Amzn.com/billWA",Shopping,-23.58,Posted
2025-05-27,"Franks Pizza","FRANKS PIZZA - HOUSTON   HOUSTON      TX",Food & Dining,-23.40,Posted
2025-05-27,"True Dog Houston","SQ *TRUE DOG HOUSTON     Katy         TX",Fast Food,-23.27,Posted
2025-05-27,"Samsung","SamsungElectronics       www.samsung.cNJ",Electronics & Software,-13.40,Posted
2025-05-27,"Chevron","CHEVRON 0387710          KATY         TX",Gas,-8.98,Posted
2025-05-27,"ExxonMobil","EXXON CHECKOUT #74       KATY         TX",Gas,-6.04,Posted
2025-05-27,"Pokémon Go","Google Pokemon           650-2530000  CA",Electronics & Software,-2.99,Posted
2025-05-23,"Domino's","DOMINO'S 6740            734-930-3030 TX",Fast Food,-37.84,Posted
2025-05-23,"PropertyRecs","Propertyrec.com          866-2420544  NM",Legal,-30.00,Posted
2025-05-23,"Amazon","Amazon.com*NN7VD7E52     Amzn.com/billWA",Shopping,-27.84,Posted
2025-05-22,"Amazon","AMAZON MKTPL*NZ7DY4NP0   Amzn.com/billWA",Shopping,-34.07,Posted
2025-05-22,"In-N-Out Burger","IN-N-OUT KATY            KATY         TX",Fast Food,-30.91,Posted
2025-05-22,"CVS","CVS/PHARMACY #01996      KATY         TX",Pharmacy,-6.53,Posted
2025-05-21,"USAA Credit Card","USAA CREDIT CARD PAYMENT    ***********2531",Credit Card Payment,-222.00,Posted
2025-05-21,"USAA Credit Card","USAA CREDIT CARD PAYMENT    ***********4284",Credit Card Payment,-115.00,Posted
2025-05-21,"Bona Fitness and Wellne","BONA FITNESS AND WELLNE  713-977-2662 TX",Health & Fitness,-40.00,Posted
2025-05-21,"Glaze Doughnuts","SQ *GLAZE DOUGHNUTS      Katy         TX",Fast Food,-20.10,Posted
2025-05-21,"Human Rights Campaign","HUMAN RIGHTS CAMPAIGN    800-4980382  DC",Charity,-10.50,Posted
2025-05-20,"Little Hands Lea","LITTLE HANDS LEA 2819615495 ***********8400",Auto Payment,-255.00,Posted
2025-05-20,"Robinhood","ROBINHOOD        Funds      ***********7009",Transfer,-100.00,Posted
2025-05-20,"H-E-B","HEB ONLINE #108          855-803-0611 TX",Groceries,-216.57,Posted
2025-05-20,"Amazon","AMZN Digital*NZ5ZI5RZ2   888-802-3080 WA",Entertainment,-1.99,Posted
2025-05-20,"PropertyRecs","Propertyrec.com          866-2420544  NM",Legal,-1.00,Posted
2025-05-19,"Fidium Fiber Cy","FIDIUM FIBER     BILLPAY    ***********CY P",Utilities,-86.45,Posted
2025-05-19,"PayPal Payments and Transfers","SHEN ZHEN YING F IAT PAYPAL ***********4498",Uncategorized,-42.05,Posted
2025-05-19,"Zelle Transfer to Etienne","Zelle: Etienne",Transfer,-80.00,Posted
2025-05-19,"McDonald's","MCDONALD'S F40992        KATY         TX",Fast Food,-32.80,Posted
2025-05-19,"Apple","APPLE.COM/BILL           866-712-7753 CA",Electronics & Software,-29.98,Posted
2025-05-19,"Amazon","AMAZON MKTPL*NW14F9091   Amzn.com/billWA",Shopping,-28.95,Posted
2025-05-19,"Ce Andrettis","ZSK*CE ANDRETTIS KATY    KATY         TX",Entertainment,-25.71,Posted
2025-05-19,"Amazon","AMAZON MKTPL*NZ9P96MQ2   Amzn.com/billWA",Shopping,-21.43,Posted
2025-05-19,"Amazon","AMAZON MKTPL*NW2E68GY1   Amzn.com/billWA",Shopping,-15.00,Posted
2025-05-19,"McDonald's","MCDONALD'S F13012        KATY         TX",Fast Food,-12.96,Posted
2025-05-19,"Ce Andrettis","ZSK*CE ANDRETTIS KATY    KATY         TX",Entertainment,-4.25,Posted
2025-05-16,"Interest Paid","INTEREST PAID",Interest Income,0.02,Posted
2025-05-16,"United Wholesale Mortgage","UWM MORTGAGE     UWM MORTGA ***********2979",Mortgage & Rent,-3117.00,Posted
2025-05-16,"Zelle Transfer to Etienne","Zelle: Etienne",Transfer,-50.00,Posted
2025-05-16,"McDonald's","MCDONALD'S F40992        KATY         TX",Fast Food,-31.78,Posted
2025-05-16,"Villa Fresh Itali","5322 VILLA FRESH ITALI   281-6444826  TX",Fast Food,-17.70,Posted
2025-05-15,"H-E-B","H-E-B #797               KATY         TX",Groceries,-190.91,Posted
2025-05-15,"Rda Family Handyman","RDA*FAMILY HANDYMAN      800-2854961  NY",Shopping,-39.98,Posted
2025-05-15,"Katy Fulshear Internal","KATY FULSHEAR INTERNAL   KATY         TX",Doctor,-30.00,Posted
2025-05-15,"In-N-Out Burger","IN-N-OUT KATY            KATY         TX",Fast Food,-28.09,Posted
2025-05-15,"Amazon","Amazon.com*NW8IJ0LQ0     Amzn.com/billWA",Shopping,-25.64,Posted
2025-05-15,"Fuwa Katy Llc","SQ *FUWA KATY LLC        KATY         TX",Restaurants,-11.45,Posted
2025-05-14,"Capital One","CAPITAL ONE      TRANSFER   ***********4659",Transfer,-420.00,Posted
2025-05-14,"Citi Credit Card Payment","CITI AUTOPAY     PAYMENT    ***********0058",Credit Card Payment,-300.00,Posted
2025-05-14,"Firstmark","FIRSTMARK        PAYMENTS   ***********1304",Student Loan,-109.16,Posted
2025-05-14,"Zelle Transfer to Etienne","Zelle: Etienne",Transfer,-400.00,Posted
2025-05-14,"Med Instahealth Urgent","MED*INSTAHEALTH URGENT   KATY         TX",Doctor,-30.00,Posted
2025-05-14,"Adobe","Adobe                    adobe.com    CA",Electronics & Software,-22.99,Posted
2025-05-14,"Alkami Technolog Direct Deposit","ALKAMI TECHNOLOG DIRECT DEP ***********9Y54",Paycheck,5448.69,Posted
2025-05-13,"Barclaycard","BARCLAYCARD US   CREDITCARD ***********0039",Credit Card Payment,-263.19,Posted
2025-05-13,"Little Hands Lea","LITTLE HANDS LEA 2819615495 ***********8583",Babysitter & Daycare,-255.00,Posted
2025-05-13,"Amazon","AMAZON MKTPL*NI43V7U80   Amzn.com/billWA",Shopping,-122.26,Posted
2025-05-13,"Zelle Transfer to Marlon","Zelle: Marlon",Transfer,-60.00,Posted
2025-05-13,"El Rey Cuban and Me","TST*EL REY CUBAN AND ME  Katy         TX",Restaurants,-30.96,Posted
2025-05-13,"Amazon","AMAZON MKTPL*NI9TR6UC0   Amzn.com/billWA",Shopping,-30.01,Posted
2025-05-13,"Amazon","Amazon.com*NI5WR12K0     Amzn.com/billWA",Shopping,-16.08,Posted
2025-05-13,"Disney+","Roku for Disney Electro  816-2728107  DE",Television,-15.99,Posted
2025-05-13,"Pokémon Go","Google Pokemon           650-2530000  CA",Electronics & Software,-9.99,Posted
2025-05-12,"PayPal Pay in 4","PAYPAL           INST XFER  ***********YIN4",Shopping,-64.05,Posted
2025-05-12,"PayPal Pay in 4","PAYPAL           INST XFER  ***********YIN4",Shopping,-50.87,Posted
2025-05-12,"H-E-B","HEB ONLINE #108          855-803-0611 TX",Groceries,-202.37,Posted
2025-05-12,"Chamos Food Truck","CHAMOS FOOD TRUCK LLC    KATY         TX",Food & Dining,-76.26,Posted
2025-05-12,"No Label Brewing Co","TST*NO LABEL BREWING CO  Katy         TX",Alcohol & Bars,-66.00,Posted
2025-05-12,"Paintnight Hernandez Hernandezpaintx","PAINTNIGHT* HERNANDEZ    HERNANDEZPAINTX",Arts,-43.30,Posted
2025-05-12,"Glaze Doughnuts","SQ *GLAZE DOUGHNUTS      Katy         TX",Fast Food,-18.16,Posted
2025-05-12,"Amazon","Amazon.com*NW98H9A82     Amzn.com/billWA",Shopping,-15.57,Posted
2025-05-12,"Grammy's Cookie Jar Katy","SQ *GRAMMY'S COOKIE JAR  Katy         TX",Food & Dining,-12.00,Posted
2025-05-12,"Apple","APPLE.COM/BILL           866-712-7753 CA",Electronics & Software,-9.99,Posted
2025-05-12,"Ott Dropout","OTT* DROPOUT             DROPOUT.TV   CA",Television,-5.99,Posted
2025-05-12,"Mobile Deposit","DEPOSIT@MOBILE",Income,101.48,Posted
2025-05-12,"Mobile Deposit","DEPOSIT@MOBILE",Income,2.94,Posted
2025-05-09,"Katy Isd","RVT*Katy ISD     2813966000 ***********",Education,-30.00,Posted
2025-05-09,"H-E-B","H-E-B #797               KATY         TX",Groceries,-26.94,Posted
2025-05-08,"Amazon","Amazon.com*NB1J46IO1     Amzn.com/billWA",Shopping,-101.88,Posted
2025-05-08,"Amazon","AMAZON MKTPL*NB5OW3UF1   Amzn.com/billWA",Shopping,-40.74,Posted
2025-05-08,"Prime Video","Prime Video *NI1HZ5CZ1   888-802-3080 WA",Television,-3.99,Posted
2025-05-07,"Waller County Mu","WALLER COUNTY MU FBS MDS WA ***********",Gas,-123.30,Posted
2025-05-07,"BENEFEDS Dental and Vision","FEDVIP-BENEFEDS  FEDVIPPREM ***********4V01",Health & Fitness,-12.20,Posted
2025-05-07,"McDonald's","MCDONALD'S F13012        KATY         TX",Fast Food,-24.19,Posted
2025-05-07,"Blink","Blink                    amzn.com/billWA",Home Services,-10.60,Posted
2025-05-06,"Little Hands Lea","LITTLE HANDS LEA 2819615495 ***********2498",Babysitter & Daycare,-255.00,Posted
2025-05-06,"Progressive","PROG COUNTY MUT  INS PREM   ***********icah",Financial,-241.07,Posted
2025-05-06,"TD Bank","TD BANK          PAYMENT    ***********RILL",Transfer,-44.21,Posted
2025-05-06,"Invest529 via Virginia529","INVEST529        PAYMENT    ***********3-21",Investments,-30.00,Posted
2025-05-06,"McDonald's","MCDONALD'S F35856        KATY         TX",Fast Food,-23.35,Posted
2025-05-06,"Peacock TV","Roku for Peacock TV LLC  816-2728107  DE",Television,-7.99,Posted
2025-05-06,"Education Benefits for Veterans","VAED TREAS 310   XXVA EDUC  ***********3600",Income,2386.13,Posted
2025-05-06,"Education Benefits for Veterans","VAED TREAS 310   XXVA EDUC  ***********3600",Income,250.00,Posted
2025-05-05,"Kia Motors Finance","KMF              KMFUSA.com ***********4937",Auto Payment,-527.73,Posted
2025-05-05,"The Home Depot","HOME DEPOT       AUTO PYMT  ***********0387",Home Improvement,-250.00,Posted
2025-05-05,"Affirm","AFFIRM INC       AFFIRM PAY ***********7035",Financial,-75.88,Posted
2025-05-05,"Katy Isd","RVT*Katy ISD     2813966000 ***********",Education,-50.00,Posted
2025-05-05,"Invest529 via Virginia529","INVEST529        PAYMENT    ***********1-31",Investments,-40.00,Posted
2025-05-05,"H-E-B","HEB ONLINE #108          855-803-0611 TX",Groceries,-213.31,Posted
2025-05-05,"Amazon","Amazon.com*NI72C0V82     Amzn.com/billWA",Shopping,-47.49,Posted
2025-05-05,"PJ's Coffee","SQ *PJ'S COFFEE OF NEW   Katy         TX",Coffee Shops,-14.25,Posted
2025-05-05,"Amazon","AMAZON MKTPL*NB8916JX1   Amzn.com/billWA",Shopping,-12.83,Posted
2025-05-05,"Apple","APPLE.COM/BILL           866-712-7753 CA",Electronics & Software,-9.99,Posted
2025-05-05,"Apple","APPLE.COM/BILL           866-712-7753 CA",Electronics & Software,-2.99,Posted
2025-05-05,"Blink","Blink                    amzn.com/billWA",Home Services,12.50,Posted
2025-05-02,"Invest529 via Virginia529","INVEST529        PAYMENT    ***********31-7",Investments,-20.00,Posted
2025-05-02,"Greenlight","GREENLIGHT       APP        ***********IGHT",Allowance,-20.00,Posted
2025-05-02,"Zelle Transfer to Marlon","Zelle: Marlon",Transfer,-60.00,Posted
2025-05-02,"CiCi's Pizza","TIL*PL CICIS PIZZA 724   KATY         TX",Restaurants,-39.98,Posted
2025-05-02,"Roku","The Roku Channel         816-2728107  DE",Television,-12.99,Posted
2025-05-02,"Apple","APPLE.COM/BILL           866-712-7753 CA",Electronics & Software,-9.99,Posted
2025-05-02,"E-ZPass","EZPASSVA SERVICE         877-7627824  VA",Auto & Transport,10.05,Posted
2025-05-01,"Hyundai Motor Finance","HMF              HMFUSA.com ***********5062",Auto Payment,-869.76,Posted
2025-05-01,"Gexa Energy Electric","GEXA ENERGY      ELECTRIC   ***********2836",Utilities,-237.89,Posted
2025-05-01,"Amazon","AMAZON MKTPL*N25NZ89G1   Amzn.com/billWA",Shopping,-24.66,Posted
2025-05-01,"Little Caesars","LITTLE CAESARS 4642 Q67  KATY         TX",Fast Food,-21.61,Posted
2025-05-01,"Adobe","Adobe                    adobe.com    CA",Electronics & Software,-19.99,Posted
2025-05-01,"Patreon","Patreon* Membership      Internet     CA",Entertainment,-2.00,Posted
2025-04-30,"Capital One","CAPITAL ONE      MOBILE PMT ***********IMLW",Credit Card Payment,-424.72,Posted
2025-04-30,"Glaze Doughnuts","SQ *GLAZE DOUGHNUTS      Katy         TX",Fast Food,-16.22,Posted
2025-04-30,"Pinwheel.com","PINWHEEL KID PHONE       PINWHEEL.COM TX",Bills & Utilities,-14.99,Posted
2025-04-29,"Little Hands Lea","LITTLE HANDS LEA 2819615495 ***********9504",Babysitter & Daycare,-255.00,Posted
2025-04-29,"Katy Isd","RVT*Katy ISD     2813966000 ***********",Education,-25.00,Posted
2025-04-29,"PayPal Purchase","PAYPAL           INST XFER  ***********.COM",Uncategorized,-24.99,Posted
2025-04-29,"Glaze Doughnuts","SQ *GLAZE DOUGHNUTS      Katy         TX",Fast Food,-9.16,Posted
2025-04-29,"Alkami Technolog Direct Deposit","ALKAMI TECHNOLOG DIRECT DEP ***********7Y54",Paycheck,5448.69,Posted
2025-04-28,"Sunnova Solar","SUNNOVA          SOLAR      ***********9951",Utilities,-125.24,Posted
2025-04-28,"CenterPoint Energy","CPENERGY ENTEX   ENT ACH DR ***********7098",Utilities,-58.00,Posted
2025-04-28,"E� S Fitness","EOS FITNESS  ABC CLUB FEES  ***********4939",Gym,-21.64,Posted
2025-04-28,"In-N-Out Burger","IN-N-OUT KATY            KATY         TX",Fast Food,-43.62,Posted
2025-04-28,"YouTube Premium","Google YouTubePremium    650-2530000  CA",Entertainment,-22.99,Posted
2025-04-28,"Samsung","SamsungElectronics       www.samsung.cNJ",Electronics & Software,-13.40,Posted
2025-04-28,"Crunchyroll","CRUNCHYROLL *            415-503-9235 CA",Movies & Dvds,-12.97,Posted
2025-04-28,"Apple","APPLE.COM/BILL           866-712-7753 CA",Electronics & Software,-9.99,Posted
2025-04-28,"Glenn Gustafson","CTLP*GLENN GUSTAFSON     KATY         TX",Fast Food,-4.70,Posted
2025-04-24,"Amazon","AMAZON MKTPL*S923U9CW3   Amzn.com/billWA",Shopping,-7.50,Posted
2025-04-24,"Pokémon Go","GOOGLE *Pokemon          855-836-3987 CA",Electronics & Software,-2.99,Posted
2025-04-23,"Transfer from Venmo","VENMO*Morrill Art        Visa Direct  NY",Transfer,786.00,Posted
2025-04-22,"Little Hands Lea","LITTLE HANDS LEA 2819615495 ***********4151",Babysitter & Daycare,-255.00,Posted
2025-04-22,"Robinhood","ROBINHOOD        Funds      ***********7009",Transfer,-100.00,Posted
2025-04-21,"USAA Credit Card","USAA CREDIT CARD PAYMENT    ***********2531",Credit Card Payment,-201.00,Posted
2025-04-21,"USAA Credit Card","USAA CREDIT CARD PAYMENT    ***********4284",Credit Card Payment,-116.00,Posted
2025-04-21,"Zelle Transfer to Marlon","Zelle: Marlon",Transfer,-200.00,Posted
2025-04-21,"H-E-B","HEB ONLINE #108          855-803-0611 TX",Groceries,-117.11,Posted
2025-04-21,"Amazon","AMAZON MKTPL*MW8VI7I43   Amzn.com/billWA",Shopping,-90.05,Posted
2025-04-21,"H-E-B","H-E-B #797               KATY         TX",Groceries,-89.17,Posted
2025-04-21,"Amazon","AMAZON MKTPL*Z46FX6DO3   Amzn.com/billWA",Shopping,-40.70,Posted
2025-04-21,"Bona Fitness and Wellne","BONA FITNESS AND WELLNE  713-977-2662 TX",Health & Fitness,-40.00,Posted
2025-04-21,"Glaze Doughnuts","SQ *GLAZE DOUGHNUTS      Katy         TX",Fast Food,-38.23,Posted
2025-04-21,"Amazon","Amazon.com*ZZ2576EW3     Amzn.com/billWA",Shopping,-34.31,Posted
2025-04-21,"Amazon","AMAZON MKTPL*PJ7T04GC3   Amzn.com/billWA",Shopping,-32.16,Posted
2025-04-21,"Amazon","AMAZON MKTPL*EF3F628D3   Amzn.com/billWA",Shopping,-28.95,Posted
2025-04-21,"Starbucks","STARBUCKS 800-782-7282   800-782-7282 WA",Coffee Shops,-25.00,Posted
2025-04-21,"ExxonMobil","EXXON CHECKOUT #74       KATY         TX",Gas,-14.00,Posted
2025-04-21,"Amazon","AMAZON MKTPL*E08125IV3   Amzn.com/billWA",Shopping,-12.52,Posted
2025-04-21,"Amazon","AMAZON MKTPL*A49H21CE3   Amzn.com/billWA",Shopping,-12.43,Posted
2025-04-21,"Apple","APPLE.COM/BILL           866-712-7753 CA",Electronics & Software,-9.99,Posted
2025-04-21,"Amazon","AMZN Digital*N40BR5I83   888-802-3080 WA",Entertainment,-1.99,Posted
2025-04-21,"Mobile Deposit","DEPOSIT@MOBILE",Income,20.00,Posted
2025-04-18,"Interest Paid","INTEREST PAID",Interest Income,0.02,Posted
2025-04-17,"Fidium Fiber Cy","FIDIUM FIBER     BILLPAY    ***********CY P",Utilities,-86.45,Posted
2025-04-17,"Amazon","AMAZON MKTPL*KT0RJ42N3   Amzn.com/billWA",Shopping,-21.32,Posted
2025-04-17,"Chevron","CHEVRON 0387710          KATY         TX",Gas,-13.28,Posted
2025-04-17,"Oakville","OBSIDIAN.MD              OAKVILLE     ON",Shopping,-10.10,Posted
2025-04-17,"The Coffee Barr","SQ *THE COFFEE BARR      Katy         TX",Coffee Shops,-9.66,Posted
2025-04-16,"United Wholesale Mortgage","UWM MORTGAGE     UWM MORTGA ***********4186",Mortgage & Rent,-3117.00,Posted
2025-04-16,"McDonald's","MCDONALD'S F13012        KATY         TX",Fast Food,-35.45,Posted
2025-04-16,"Amazon","AMAZON MKTPL*BR74K7AH3   Amzn.com/billWA",Shopping,-34.62,Posted
2025-04-16,"Amazon","Amazon.com*OP1610PS3     Amzn.com/billWA",Shopping,-21.40,Posted
2025-04-15,"Capital One","CAPITAL ONE      TRANSFER   ***********D600",Transfer,-420.00,Posted
2025-04-15,"Little Hands Lea","LITTLE HANDS LEA 2819615495 ***********2569",Babysitter & Daycare,-255.00,Posted
2025-04-15,"Firstmark","FIRSTMARK        PAYMENTS   ***********1304",Student Loan,-109.16,Posted
2025-04-15,"Barclaycard","BARCLAYCARD US   CREDITCARD ***********7828",Credit Card Payment,-9.62,Posted
2025-04-15,"PJ's Coffee","SQ *PJ'S COFFEE OF NEW   Katy         TX",Coffee Shops,-24.40,Posted
2025-04-15,"Glaze Doughnuts","SQ *GLAZE DOUGHNUTS      Katy         TX",Fast Food,-11.72,Posted
2025-04-15,"Amazon","Amazon.com*ZK1IO4RL3     Amzn.com/billWA",Shopping,19.29,Posted
2025-04-15,"Tipsy Mobile","SQ *TIPSY MOBILE         Katy         TX",Restaurants,16.50,Posted
2025-04-15,"Mobile Deposit","DEPOSIT@MOBILE",Income,24.75,Posted
2025-04-14,"Citi Credit Card Payment","CITI AUTOPAY     PAYMENT    ***********0170",Credit Card Payment,-300.00,Posted
2025-04-14,"Barclaycard","BARCLAYCARD US   CREDITCARD ***********1998",Credit Card Payment,-201.37,Posted
2025-04-14,"H-E-B","HEB ONLINE #108          855-803-0611 TX",Groceries,-165.21,Posted
2025-04-14,"Zelle Transfer to Itziar","Zelle: Itziar",Transfer,-135.00,Posted
2025-04-14,"Mint Mobile","MINT MOBILE              800-683-7392 CA",Mobile Phone,-97.24,Posted
2025-04-14,"Xbox Game Pass Ultimate","Microsoft*Ultimate 3 Mo  425-6816830  WA",Electronics & Software,-59.99,Posted
2025-04-14,"Buc-ee's","BUC-EE'S #40             KATY         TX",Fast Food,-58.10,Posted
2025-04-14,"The Oaks Kitchen","TST*THE OAKS KITCHEN &   Katy         TX",Restaurants,-29.78,Posted
2025-04-14,"PJ's Coffee","SQ *PJ'S COFFEE OF NEW   Katy         TX",Coffee Shops,-25.46,Posted
2025-04-14,"Adobe","Adobe                    adobe.com    CA",Electronics & Software,-22.99,Posted
2025-04-14,"Amazon","Amazon.com*ZK1IO4RL3     Amzn.com/billWA",Shopping,-19.29,Posted
2025-04-14,"Amazon","Amazon.com*ZK1IO4RL3     Amzn.com/billWA",Shopping,-19.29,Posted
2025-04-14,"Tipsy Mobile","SQ *TIPSY MOBILE         Katy         TX",Restaurants,-16.50,Posted
2025-04-14,"Tipsy Mobile","SQ *TIPSY MOBILE         Katy         TX",Restaurants,-16.50,Posted
2025-04-14,"Disney+","Roku for Disney Electro  816-2728107  DE",Television,-15.99,Posted
2025-04-14,"Human Rights Campaign","Human Rights Cam-WebEN   800-7774723  DC",Charity,-10.50,Posted
2025-04-14,"Apple","APPLE.COM/BILL           866-712-7753 CA",Electronics & Software,-9.99,Posted
2025-04-14,"Pokémon Go","Google Pokemon           650-2530000  CA",Electronics & Software,-9.99,Posted
2025-04-14,"Ott Dropout","OTT* DROPOUT             DROPOUT.TV   CA",Television,-5.99,Posted
2025-04-14,"Alkami Technolog Direct Deposit","ALKAMI TECHNOLOG DIRECT DEP ***********0Y54",Paycheck,5448.70,Posted
2025-04-10,"Checkout","CHECKOUT #74             KATY         TX",Gas,-35.06,Posted
2025-04-10,"Starbucks","STARBUCKS 800-782-7282   800-782-7282 WA",Coffee Shops,-25.00,Posted
2025-04-10,"McDonald's","MCDONALD'S F13012        KATY         TX",Fast Food,-6.48,Posted
2025-04-09,"Katy Isd","RVT*Katy ISD     2813966000 ***********",Education,-100.00,Posted
2025-04-09,"PJ's Coffee","SQ *PJ'S COFFEE OF NEW   Katy         TX",Coffee Shops,-31.56,Posted
2025-04-09,"Books-A-Million","BOOKS A MILLION 515      KATY         TX",Books,-20.55,Posted
2025-04-08,"LITTLE HANDS LEA 2819615495 ***********3101","LITTLE HANDS LEA 2819615495 ***********3101",Category Pending,-255.00,Posted
2025-04-08,"HEB ONLINE #108          855-803-0611 TX","HEB ONLINE #108          855-803-0611 TX",Category Pending,-116.14,Posted
2025-04-08,"SHELL SERVICE STATION    KATY         TX","SHELL SERVICE STATION    KATY         TX",Category Pending,-47.70,Posted
2025-04-08,"SQ *PJ'S COFFEE OF NEW   Katy         TX","SQ *PJ'S COFFEE OF NEW   Katy         TX",Category Pending,-25.59,Posted
2025-04-08,"H-E-B #797               KATY         TX","H-E-B #797               KATY         TX",Category Pending,-16.00,Posted
2025-04-07,"AFFIRM INC       AFFIRM PAY ***********2852","AFFIRM INC       AFFIRM PAY ***********2852",Category Pending,-75.88,Posted
2025-04-07,"FEDVIP-BENEFEDS  FEDVIPPREM ***********4V01","FEDVIP-BENEFEDS  FEDVIPPREM ***********4V01",Category Pending,-12.20,Posted
2025-04-07,"Zelle: Marlon","Zelle: Marlon",Category Pending,-60.00,Posted
2025-04-07,"H-E-B #797               KATY         TX","H-E-B #797               KATY         TX",Category Pending,-32.83,Posted
2025-04-07,"CHEVRON 0387710          KATY         TX","CHEVRON 0387710          KATY         TX",Category Pending,-26.97,Posted
2025-04-07,"STARBUCKS 800-782-7282   800-782-7282 WA","STARBUCKS 800-782-7282   800-782-7282 WA",Category Pending,-25.00,Posted
2025-04-07,"SQ *PJ'S COFFEE OF NEW   Katy         TX","SQ *PJ'S COFFEE OF NEW   Katy         TX",Category Pending,-24.40,Posted
2025-04-07,"AMAZON MKTPL*XD5M31BX3   Amzn.com/billWA","AMAZON MKTPL*XD5M31BX3   Amzn.com/billWA",Category Pending,-20.36,Posted
2025-04-07,"ROSS STORE #2704         KATY         TX","ROSS STORE #2704         KATY         TX",Category Pending,-18.36,Posted
2025-04-07,"WENDY'S 48               KATY         TX","WENDY'S 48               KATY         TX",Category Pending,-17.73,Posted
2025-04-07,"DIPPIN DOTS              KATY         TX","DIPPIN DOTS              KATY         TX",Category Pending,-12.96,Posted
2025-04-07,"SONIC DRIVE-IN           KATY         TX","SONIC DRIVE-IN           KATY         TX",Category Pending,-11.03,Posted
2025-04-07,"APPLE.COM/BILL           866-712-7753 CA","APPLE.COM/BILL           866-712-7753 CA",Category Pending,-9.99,Posted
2025-04-07,"CHEVRON 0387710          KATY         TX","CHEVRON 0387710          KATY         TX",Category Pending,-8.06,Posted
2025-04-07,"Roku for Peacock TV LLC  816-2728107  DE","Roku for Peacock TV LLC  816-2728107  DE",Category Pending,-7.99,Posted
2025-04-07,"APPLE.COM/BILL           866-712-7753 CA","APPLE.COM/BILL           866-712-7753 CA",Category Pending,-2.99,Posted
2025-04-04,"TD BANK          PAYMENT    ***********RILL","TD BANK          PAYMENT    ***********RILL",Category Pending,-44.21,Posted
2025-04-04,"INVEST529        PAYMENT    ***********3-17","INVEST529        PAYMENT    ***********3-17",Category Pending,-30.00,Posted
2025-04-04,"H-E-B #797               KATY         TX","H-E-B #797               KATY         TX",Category Pending,-18.18,Posted
2025-04-04,"SQ *PJ'S COFFEE OF NEW   Katy         TX","SQ *PJ'S COFFEE OF NEW   Katy         TX",Category Pending,-12.39,Posted
2025-04-04,"Checkout","CHECKOUT #75             CYPRESS      TX",Gas,-12.19,Posted
2025-04-03,"Kia Motors Finance","KMF              KMFUSA.com ***********4937",Auto Payment,-527.73,Posted
2025-04-03,"Waller County Mu","WALLER COUNTY MU FBS MDS WA ***********",Gas,-222.95,Posted
2025-04-03,"The Home Depot","HOME DEPOT       AUTO PYMT  ***********0218",Home Improvement,-200.00,Posted
2025-04-03,"Invest529 via Virginia529","INVEST529        PAYMENT    ***********1-24",Investments,-40.00,Posted
2025-04-03,"McDonald's","MCDONALD'S F13012        KATY         TX",Fast Food,-42.70,Posted
2025-04-03,"PJ's Coffee","SQ *PJ'S COFFEE OF NEW   Katy         TX",Coffee Shops,-24.40,Posted
2025-04-02,"Gexa Energy Electric","GEXA ENERGY      ELECTRIC   ***********5008",Utilities,-173.88,Posted
2025-04-02,"Invest529 via Virginia529","INVEST529        PAYMENT    ***********1-23",Investments,-30.00,Posted
2025-04-02,"Invest529 via Virginia529","INVEST529        PAYMENT    ***********31-5",Investments,-20.00,Posted
2025-04-02,"Greenlight","GREENLIGHT       APP        ***********IGHT",Allowance,-20.00,Posted
2025-04-02,"H-E-B","HEB ONLINE #108          855-803-0611 TX",Groceries,-216.43,Posted
2025-04-02,"PJ's Coffee","SQ *PJ'S COFFEE OF NEW   Katy         TX",Coffee Shops,-24.40,Posted
2025-04-02,"Roku","The Roku Channel         816-2728107  DE",Television,-12.99,Posted
2025-04-02,"Apple","APPLE.COM/BILL           866-712-7753 CA",Electronics & Software,-9.99,Posted
2025-04-01,"Little Hands Lea","LITTLE HANDS LEA 2819615495 ***********0997",Babysitter & Daycare,-255.00,Posted
2025-04-01,"USAA Property and Casualty Insurance","USAA P&C         AUTOPAY    ***********0140",Financial,-1.08,Posted
2025-04-01,"Amazon","AMAZON MKTPL*AQ2YW6CL3   Amzn.com/billWA",Shopping,-30.02,Posted
2025-04-01,"Little Caesars","LITTLE CAESARS 4642 Q67  KATY         TX",Fast Food,-21.61,Posted
2025-04-01,"Adobe","Adobe                    adobe.com    CA",Electronics & Software,-19.99,Posted
2025-04-01,"Amazon","Amazon.com*7U6JZ8U53     Amzn.com/billWA",Shopping,-18.10,Posted
2025-04-01,"Patreon","Patreon* Membership      Internet     CA",Entertainment,-2.00,Posted
2025-03-31,"Hyundai Motor Finance","HMF              HMFUSA.com ***********5062",Auto Payment,-869.76,Posted
2025-03-31,"PayPal Purchase","PAYPAL           INST XFER  ***********.COM",Uncategorized,-24.99,Posted
2025-03-31,"Pinchofactory Pincho Olo Cotx","PINCHOFACTORY            PINCHO.OLO.COTX",Fast Food,-53.52,Posted
2025-03-31,"Shell","SHELL SERVICE STATION    KATY         TX",Gas,-46.01,Posted
2025-03-31,"Books-A-Million","BOOKS A MILLION 515      KATY         TX",Books,-39.96,Posted
2025-03-31,"Wetzel's Pretzels","TST* WETZEL'S PRETZELS   KATY         TX",Fast Food,-18.96,Posted
2025-03-31,"PJ's Coffee","SQ *PJ'S COFFEE OF NEW   Katy         TX",Coffee Shops,-17.86,Posted
2025-03-31,"Pinwheel.com","PINWHEEL KID PHONE       PINWHEEL.COM TX",Bills & Utilities,-14.99,Posted
2025-03-31,"Five Below","FIVE BELOW 1173          KATY         TX",Shopping,-9.74,Posted
2025-03-31,"Glaze Doughnuts","SQ *GLAZE DOUGHNUTS      Katy         TX",Fast Food,-9.00,Posted
2025-03-31,"Short Stop Market","SHORT STOP MARKET        KATY         TX",Gas,-6.19,Posted
2025-03-28,"Capital One","CAPITAL ONE      TRANSFER   ***********E93C",Transfer,-420.00,Posted
2025-03-28,"E� S Fitness","EOS FITNESS  ABC CLUB FEES  ***********1108",Gym,-86.58,Posted
2025-03-28,"CenterPoint Energy","CPENERGY ENTEX   ENT ACH DR ***********7098",Utilities,-60.00,Posted
2025-03-28,"H-E-B","H-E-B #797               KATY         TX",Groceries,-275.50,Posted
2025-03-28,"YouTube Premium","GOOGLE *YouTubePremium   g.co/helppay#CA",Entertainment,-22.99,Posted
2025-03-28,"Glaze Doughnuts","SQ *GLAZE DOUGHNUTS      Katy         TX",Fast Food,-15.62,Posted
2025-03-28,"Crunchyroll","CRUNCHYROLL *MEMBERSHI   415-503-9235 CA",Movies & Dvds,-12.95,Posted
2025-03-28,"Alkami Technolog Direct Deposit","ALKAMI TECHNOLOG DIRECT DEP ***********8Y54",Paycheck,5448.69,Posted
2025-03-27,"Progressive","PROG COUNTY MUT  INS PREM   ***********8296",Financial,-95.67,Posted
2025-03-27,"PJ's Coffee","SQ *PJ'S COFFEE OF NEW   Katy         TX",Coffee Shops,-32.12,Posted
2025-03-27,"Chipotle","CHIPOTLE 2970            KATY         TX",Fast Food,-30.26,Posted
2025-03-27,"Samsung","SamsungElectronics       www.samsung.cNJ",Electronics & Software,-13.40,Posted
2025-03-26,"Sunnova Solar","SUNNOVA          SOLAR      ***********0918",Utilities,-125.24,Posted
2025-03-26,"McDonald's","MCDONALD'S F35856        KATY         TX",Fast Food,-15.90,Posted
2025-03-26,"Temu","TEMU.COM                 WWW.TEMU.COM DE",Shopping,-12.32,Posted
2025-03-25,"Little Hands Lea","LITTLE HANDS LEA 2819615495 ***********1808",Babysitter & Daycare,-255.00,Posted
2025-03-25,"Prime Video","Prime Video *5D2Y319Q3   888-802-3080 WA",Television,-1.99,Posted
2025-03-25,"Prime Video","Prime Video *9E12O8M43   888-802-3080 WA",Television,-1.99,Posted
2025-03-24,"Brookshire Brothers","BROOKSHIRE BROTHERS #9   KATY         TX",Groceries,-140.74,Posted
2025-03-24,"Castillos","TST*CASTILLOS            Katy         TX",Restaurants,-79.19,Posted
2025-03-24,"McDonald's","MCDONALD'S F13012        KATY         TX",Fast Food,-52.49,Posted
2025-03-24,"Castillos","TST*CASTILLOS            Katy         TX",Restaurants,-14.76,Posted
2025-03-24,"Sonic","SONIC DRIVE-IN           KATY         TX",Fast Food,-13.35,Posted
2025-03-24,"Chevron","CHEVRON 0387710          KATY         TX",Gas,-11.77,Posted
2025-03-24,"Prime Video","Prime Video *TE9G10073   888-802-3080 WA",Television,-3.79,Posted
2025-03-24,"Pokémon Go","GOOGLE *Pokemon          855-836-3987 CA",Electronics & Software,-2.99,Posted
2025-03-21,"USAA Credit Card","USAA CREDIT CARD PAYMENT    ***********2531",Credit Card Payment,-197.00,Posted
2025-03-21,"USAA Credit Card","USAA CREDIT CARD PAYMENT    ***********4284",Credit Card Payment,-117.00,Posted
2025-03-21,"Walmart","WAL-MART #3226           KATY         TX",Shopping,-69.02,Posted
2025-03-21,"Bona Fitness and Wellne","BONA FITNESS AND WELLNE  713-977-2662 TX",Health & Fitness,-40.00,Posted
2025-03-21,"Girl Scouts","GIRL SCOUTS OF THE UNIT  855-530-4467 NY",Charity,-30.00,Posted
2025-03-21,"Amazon","AMAZON MKTPL*2446H4K53   Amzn.com/billWA",Shopping,-28.49,Posted
2025-03-21,"Texaco","TEXACO 0379688           BROOKSHIRE   TX",Gas,-27.09,Posted
2025-03-21,"McDonald's","MCDONALD'S F13012        KATY         TX",Fast Food,-23.54,Posted
2025-03-21,"Blessington Farms","SQ *BLESSINGTON FARMS    Simonton     TX",Entertainment,-16.00,Posted
2025-03-20,"Robinhood","ROBINHOOD        Funds      ***********7009",Transfer,-100.00,Posted
2025-03-20,"Fidium Fiber Cy","FIDIUM FIBER     BILLPAY    ***********CY P",Utilities,-86.45,Posted
2025-03-20,"Katy Isd","RVT*Katy ISD     2813966000 ***********",Education,-81.00,Posted
2025-03-20,"Brookshire Brothers","BROOKSHIRE BROTHERS #9   KATY         TX",Groceries,-122.51,Posted
2025-03-20,"Dairy Queen","DAIRY QUEEN #45290       KATY         TX",Fast Food,-70.01,Posted
2025-03-20,"Zelle Transfer to Marlon","Zelle: Marlon",Transfer,-40.00,Posted
2025-03-20,"Amazon","AMAZON MKTPL*JO1LR26M3   Amzn.com/billWA",Shopping,-28.93,Posted
2025-03-20,"Zelle Transfer to Marlon","Zelle: Marlon",Transfer,-20.00,Posted
2025-03-20,"CVS","CVS/PHARMACY #10952      KATY         TX",Pharmacy,-12.44,Posted
2025-03-20,"McDonald's","MCDONALD'S F40992        KATY         TX",Fast Food,-11.43,Posted
2025-03-20,"Amazon","AMZN Digital*AK3Y23LB3   888-802-3080 WA",Entertainment,-1.99,Posted
2025-03-19,"AutoZone","AUTOZONE  3697           KATY         TX",Service & Parts,-192.42,Posted
2025-03-19,"H-E-B","HEB ONLINE #108          855-803-0611 TX",Groceries,-109.96,Posted
2025-03-19,"McDonald's","MCDONALD'S F13012        KATY         TX",Fast Food,-36.64,Posted
2025-03-19,"Glaze Doughnuts","SQ *GLAZE DOUGHNUTS      Katy         TX",Fast Food,-18.23,Posted
2025-03-19,"McDonald's","MCDONALD'S F35856        KATY         TX",Fast Food,-6.15,Posted
2025-03-18,"Interest Paid","INTEREST PAID",Interest Income,0.04,Posted
2025-03-18,"Little Hands Lea","LITTLE HANDS LEA 2819615495 ***********1634",Babysitter & Daycare,-255.00,Posted
2025-03-18,"Zelle Transfer to Jason Gossett","Zelle: Jason Gossett",Transfer,-175.00,Posted
2025-03-18,"Shell","SHELL SERVICE STATION    KATY         TX",Gas,-43.77,Posted
2025-03-18,"Amazon","AMAZON MKTPL*GH5W85DQ3   Amzn.com/billWA",Shopping,-29.99,Posted
2025-03-17,"United Wholesale Mortgage","UWM MORTGAGE     UWM MORTGA ***********8963",Mortgage & Rent,-3117.00,Posted
2025-03-17,"Pentagon Federal Transfer","PENTAGON FEDERAL TRNSFR DR  ***********4968",Transfer,-180.00,Posted
2025-03-17,"O'Reilly Auto Parts","O'REILLY 1825            KATY         TX",Service & Parts,-63.29,Posted
2025-03-17,"Snappys Cafe & Gril","TST*SNAPPYS CAFE & GRIL  Katy         TX",Food & Dining,-57.91,Posted
2025-03-17,"McDonald's","MCDONALD'S F40992        KATY         TX",Fast Food,-54.77,Posted
2025-03-17,"Marco's Pizza","MARCOS PIZZA - 5185 - K  281-531-8500 TX",Fast Food,-33.55,Posted
2025-03-17,"Med Memorial Hermann","MED*MEMORIAL HERMANN     HOUSTON      TX",Doctor,-30.00,Posted
2025-03-17,"Amazon","AMAZON MKTPL*9O07O7KN3   Amzn.com/billWA",Shopping,-26.61,Posted
2025-03-17,"In-N-Out Burger","IN-N-OUT KATY            KATY         TX",Fast Food,-22.84,Posted
2025-03-17,"Glaze Doughnuts","SQ *GLAZE DOUGHNUTS      Katy         TX",Fast Food,-20.57,Posted
2025-03-17,"Spirit Airlines","SPIRIT AIRLINES ONBOARD  IRVING       TX",Air Travel,-18.00,Posted
2025-03-17,"Amazon","AMAZON MKTPL*WD77N26F3   Amzn.com/billWA",Shopping,-15.54,Posted
2025-03-17,"Oakville Norton","OBSIDIAN.MD              OAKVILLE NORTON",Shopping,-10.10,Posted
2025-03-17,"CVS","CVS/PHARMACY #01996      KATY         TX",Pharmacy,-9.81,Posted
2025-03-17,"Prime Video","Prime Video *2815P0ZX3   888-802-3080 WA",Television,-3.99,Posted
2025-03-17,"Prime Video","Prime Video *WS5XB10L3   888-802-3080 WA",Television,-3.59,Posted
2025-03-17,"Glaze Doughnuts","SQ *GLAZE DOUGHNUTS      Katy         TX",Fast Food,-2.27,Posted
2025-03-14,"Capital One","CAPITAL ONE      TRANSFER   ***********CDC2",Transfer,-420.00,Posted
2025-03-14,"Firstmark","FIRSTMARK        PAYMENTS   ***********1304",Student Loan,-109.16,Posted
2025-03-14,"H-E-B","HEB ONLINE #108          855-803-0611 TX",Groceries,-229.27,Posted
2025-03-14,"Adobe","Adobe                    San Jose     CA",Electronics & Software,-22.99,Posted
2025-03-14,"PJ's Coffee","SQ *PJ'S COFFEE OF NEW   Katy         TX",Coffee Shops,-21.05,Posted
2025-03-14,"Alkami Technolog Direct Deposit","ALKAMI TECHNOLOG DIRECT DEP ***********5Y54",Paycheck,5447.83,Posted
2025-03-13,"Barclaycard","BARCLAYCARD US   CREDITCARD ***********8175",Credit Card Payment,-117.82,Posted
2025-03-13,"DoorDash","DD *DOORDASH ALICIASME   855-973-1040 CA",Food & Dining,-88.89,Posted
2025-03-13,"Hudson News","HUDSON ST1748            ORLANDO      FL",Shopping,-63.13,Posted
2025-03-13,"Starbucks","STARBUCKS 800-782-7282   800-782-7282 WA",Coffee Shops,-25.00,Posted
2025-03-13,"Shell","SHELL OIL 12687364005    ORLANDO      FL",Gas,-18.26,Posted
2025-03-13,"Disney+","Roku for Disney Electro  816-2728107  DE",Television,-15.99,Posted
2025-03-13,"Pokémon Go","GOOGLE *Pokemon          855-836-3987 CA",Electronics & Software,-9.99,Posted
2025-03-13,"Carts Chairs Smartecart","Carts/Chairs SmarteCart  Houston      TX",Business Services,-7.00,Posted
2025-03-13,"Smarte Carte","Carts MCO SmarteCarte    Orlando      FL",Travel,-7.00,Posted
2025-03-13,"Prime Video","Prime Video *UB6Z73LF3   888-802-3080 WA",Television,-3.99,Posted
2025-03-12,"Frontier Airlines","FRONTIER AI GFLZMG       720-3744390  CO",Air Travel,-61.00,Posted
2025-03-12,"Checkout","CHECKOUT #74             KATY         TX",Gas,-31.38,Posted
2025-03-12,"Ott Dropout","OTT* DROPOUT             DROPOUT.TV   CA",Television,-5.99,Posted
2025-03-12,"7-Eleven via DoorDash","DD *DOORDASH 7-ELEVENB   SAN FRANCISCOCA",Fast Food,10.86,Posted
2025-03-12,"Defense Finance and Accounting Service","DFAS-IN  IND, IN ARMY RC    ***********4858",Paycheck,26.54,Posted
2025-03-11,"Little Hands Lea","LITTLE HANDS LEA 2819615495 ***********3314",Babysitter & Daycare,-255.00,Posted
2025-03-11,"DoorDash","DD *DOORDASH CVS         855-973-1040 CA",Food & Dining,-73.71,Posted
2025-03-11,"7-Eleven via DoorDash","DD *DOORDASH 7-ELEVENB   DOORDASH.COM/CA",Food & Dining,-27.21,Posted
2025-03-11,"Medieval Times","Medieval Times           Irving       TX",Restaurants,-26.88,Posted
2025-03-10,"Greenlight","GREENLIGHT       APP        ***********IGHT",Allowance,-2.00,Posted
2025-03-10,"Apple","APPLE.COM/BILL           866-712-7753 CA",Electronics & Software,-74.99,Posted
2025-03-10,"Medieval Times","Medieval Times           Irving       TX",Restaurants,-63.20,Posted
2025-03-10,"Medieval Times","Medieval Times           Irving       TX",Restaurants,-63.00,Posted
2025-03-10,"Walt Disney World","WDW CREATIONS SHOP       LAKE BUENA VIFL",Amusement,-53.25,Posted
2025-03-10,"McDonald's","MCDONALD'S F3896         ORLANDO      FL",Fast Food,-50.22,Posted
2025-03-10,"Chick-fil-A","CHICK-FIL-A #01537       KISSIMMEE    FL",Fast Food,-47.53,Posted
2025-03-10,"Publix","PUBLIX #551              KISSIMMEE    FL",Groceries,-41.15,Posted
2025-03-10,"University Parking","UNIV PARKING 01400040    ORLANDO      FL",Parking,-32.00,Posted
2025-03-10,"Walt Disney World","WDW MAGNOLIATERRACE      LAKE BUENA VIFL",Amusement,-27.00,Posted
2025-03-10,"Walt Disney World","WDW MISSION  SPACE       LAKE BUENA VIFL",Amusement,-24.75,Posted
2025-03-10,"Medallion Mint","CTLP*Medallion Mint LL   CHICKASHA    OK",Fast Food,-20.00,Posted
2025-03-10,"Medallion Mint","CTLP*Medallion Mint LL   CHICKASHA    OK",Fast Food,-20.00,Posted
2025-03-10,"Japan Pavili Epcot Lake Buena Vifl","JAPAN PAVILION AT EPCOT  LAKE BUENA VIFL",Shopping,-18.05,Posted
2025-03-10,"Uioa Circus Vend","UIOA CIRCUS VEND 090155  ORLANDO      FL",Fast Food,-16.50,Posted
2025-03-10,"Starbucks","STARBUCKS 800-782-7282   800-782-7282 WA",Coffee Shops,-15.00,Posted
2025-03-10,"Walt Disney World","WDW MISSION  SPACE       LAKE BUENA VIFL",Amusement,-13.50,Posted
2025-03-10,"Walt Disney World","WDW TREASUREXANDAR       LAKE BUENA VIFL",Amusement,-12.78,Posted
2025-03-10,"Lost Continent","LOST CONTINENT00901959   ORLANDO      FL",Fast Food,-12.25,Posted
2025-03-10,"Jurassic Beer","JURASSIC BEER 00901850   ORLANDO      FL",Alcohol & Bars,-11.99,Posted
2025-03-10,"Hub Cart","HUB CART (239)00204396   ORLANDO      FL",Shopping,-10.65,Posted
2025-03-10,"Venuplus Inc","CTLP*Venuplus Inc        ORLANDO      FL",Fast Food,-5.00,Posted
2025-03-10,"Venuplus Inc","CTLP*Venuplus Inc        ORLANDO      FL",Fast Food,-5.00,Posted
2025-03-10,"Venuplus Inc","CTLP*Venuplus Inc        ORLANDO      FL",Fast Food,-5.00,Posted
2025-03-10,"Venuplus Inc","CTLP*Venuplus Inc        ORLANDO      FL",Fast Food,-5.00,Posted
2025-03-10,"Venuplus Inc","CTLP*Venuplus Inc        ORLANDO      FL",Fast Food,-4.00,Posted
2025-03-10,"Crunchyroll","CRUNCHYROLL *MEMBERSHI   415-503-9235 CA",Movies & Dvds,-3.15,Posted
2025-03-10,"Venuplus Inc","CTLP*Venuplus Inc        ORLANDO      FL",Fast Food,-3.00,Posted
2025-03-10,"Walt Disney World","WDW MISSION  SPACE       LAKE BUENA VIFL",Amusement,-2.25,Posted
2025-03-10,"Defense Finance and Accounting Service","DFAS-IN  IND, IN ARMY RC    ***********4858",Paycheck,173.41,Posted
2025-03-07,"BENEFEDS Dental and Vision","FEDVIP-BENEFEDS  FEDVIPPREM ***********4V01",Health & Fitness,-12.20,Posted
2025-03-07,"Amazon","AMAZON MKTPL*NJ19A4K73   Amzn.com/billWA",Shopping,-90.49,Posted
2025-03-07,"7-Eleven","7-ELEVEN                 Orlando      FL",Gas,-20.98,Posted
2025-03-07,"Chevron","CHEVRON 0387710          KATY         TX",Gas,-17.95,Posted
2025-03-07,"McDonald's","MCDONALD'S F13012        KATY         TX",Fast Food,-17.17,Posted
2025-03-06,"Zelle Transfer to Hl Construction","Zelle: Hl Construction",Transfer,-350.00,Posted
2025-03-06,"Kohls Katy West","KOHLS KATY WEST          KATY         TX",Shopping,-166.21,Posted
2025-03-06,"McDonald's","MCDONALD'S F35856        KATY         TX",Fast Food,-26.60,Posted
2025-03-06,"Amazon","Amazon.com*HU80Y61P3     Amzn.com/billWA",Shopping,-16.45,Posted
2025-03-06,"Py Hteao","PY *HTEAO KATY           KATY         TX",Fast Food,-14.64,Posted
2025-03-06,"Peacock TV","Roku for Peacock TV LLC  816-2728107  DE",Television,-7.99,Posted
2025-03-06,"Humble Grounds Coff","TST*HUMBLE GROUNDS COFF  Katy         TX",Groceries,-7.31,Posted
2025-03-05,"Gexa Energy Electric","GEXA ENERGY      ELECTRIC   ***********9282",Utilities,-233.27,Posted
2025-03-05,"Affirm","AFFIRM INC       AFFIRM PAY ***********6725",Financial,-75.88,Posted
2025-03-05,"Amazon","Amazon.com*W561D6KT3     Amzn.com/billWA",Shopping,-101.88,Posted
2025-03-05,"Domino's","DOMINO'S 6740            734-930-3030 TX",Fast Food,-42.37,Posted
2025-03-05,"Shell","SHELL SERVICE STATION    KATY         TX",Gas,-40.79,Posted
2025-03-05,"Starbucks","STARBUCKS 800-782-7282   800-782-7282 WA",Coffee Shops,-25.00,Posted
2025-03-05,"H-E-B","H-E-B #797               KATY         TX",Groceries,-16.00,Posted
2025-03-05,"Starbucks","STARBUCKS 800-782-7282   800-782-7282 WA",Coffee Shops,-15.00,Posted
2025-03-05,"Py Hteao","PY *HTEAO KATY           KATY         TX",Fast Food,-3.67,Posted
2025-03-05,"Apple","APPLE.COM/BILL           866-712-7753 CA",Electronics & Software,-2.99,Posted
2025-03-04,"Little Hands Lea","LITTLE HANDS LEA 2819615495 ***********5795",Babysitter & Daycare,-255.00,Posted
2025-03-04,"TD Bank","TD BANK          PAYMENT    ***********RILL",Transfer,-44.21,Posted
2025-03-04,"Invest529 via Virginia529","INVEST529        PAYMENT    ***********1-16",Investments,-40.00,Posted
2025-03-04,"Invest529 via Virginia529","INVEST529        PAYMENT    ***********1-15",Investments,-30.00,Posted
2025-03-04,"Invest529 via Virginia529","INVEST529        PAYMENT    ***********31-3",Investments,-20.00,Posted
2025-03-04,"Katy Isd","RVT*Katy ISD     2813966000 ***********",Education,-15.00,Posted
2025-03-04,"Sport Clips","SPORT CLIPS HAIRCUTS     KATY         TX",Hair,-56.00,Posted
2025-03-04,"McDonald's","MCDONALD'S F13012        KATY         TX",Fast Food,-27.52,Posted
2025-03-04,"Glaze Doughnuts","SQ *GLAZE DOUGHNUTS      Katy         TX",Fast Food,-16.91,Posted
2025-03-04,"Jack in the Box","JACK IN THE BOX 3941     KATY         TX",Fast Food,-13.63,Posted
2025-03-03,"Hyundai Motor Finance","HMF              HMFUSA.com ***********5062",Auto Payment,-869.76,Posted
2025-03-03,"Invest529 via Virginia529","INVEST529        PAYMENT    ***********82-5",Investments,-361.50,Posted
2025-03-03,"USAA Property and Casualty Insurance","USAA P&C         AUTOPAY    ***********0140",Financial,-274.25,Posted
2025-03-03,"The Home Depot","HOME DEPOT       AUTO PYMT  ***********0256",Home Improvement,-200.00,Posted
2025-03-03,"PayPal Purchase","PAYPAL           INST XFER  ***********.COM",Uncategorized,-24.99,Posted
2025-03-03,"Greenlight","GREENLIGHT       APP        ***********IGHT",Allowance,-20.00,Posted
2025-03-03,"H-E-B","HEB ONLINE #108          855-803-0611 TX",Groceries,-126.21,Posted
2025-03-03,"Sonic","SONIC DRIVE-IN           KATY         TX",Fast Food,-55.86,Posted
2025-03-03,"McDonald's","MCDONALD'S F40619        KATY         TX",Fast Food,-26.55,Posted
2025-03-03,"Adobe","Adobe Inc                800-8336687  CA",Electronics & Software,-19.99,Posted
2025-03-03,"Roku","The Roku Channel         816-2728107  DE",Television,-12.99,Posted
2025-03-03,"Apple","APPLE.COM/BILL           866-712-7753 CA",Electronics & Software,-9.99,Posted
2025-03-03,"Patreon","Patreon* Membership      Internet     CA",Entertainment,-7.00,Posted
2025-02-28,"Capital One","CAPITAL ONE      TRANSFER   ***********60C5",Transfer,-420.00,Posted
2025-02-28,"H-E-B","HEB ONLINE #108          855-803-0611 TX",Groceries,-89.08,Posted
2025-02-28,"McDonald's","MCDONALD'S F13012        KATY         TX",Fast Food,-23.98,Posted
2025-02-28,"YouTube Premium","Google YouTubePremium    650-2530000  CA",Entertainment,-22.99,Posted
2025-02-28,"Pinwheel.com","PINWHEEL KID PHONE       PINWHEEL.COM TX",Bills & Utilities,-14.99,Posted
2025-02-27,"CenterPoint Energy","CPENERGY ENTEX   ENT ACH DR ***********7098",Utilities,-50.00,Posted
2025-02-27,"Yellowdig.com","WWW.YELLOWDIG.COM        WWW.YELLOWDIGPA",Electronics & Software,-14.95,Posted
2025-02-27,"Samsung","Samsung                  800-7267864  NJ",Electronics & Software,-13.40,Posted
2025-02-27,"Crunchyroll","CRUNCHYROLL *MEMBERSHI   415-503-9235 CA",Movies & Dvds,-8.62,Posted
2025-02-27,"Alkami Technolog Direct Deposit","ALKAMI TECHNOLOG DIRECT DEP ***********6Y54",Paycheck,5321.21,Posted
2025-02-27,"Education Benefits for Veterans","VAED TREAS 310   XXVA EDUC  ***********3600",Income,708.38,Posted
2025-02-26,"Sunnova Solar","SUNNOVA          SOLAR      ***********5406",Utilities,-125.24,Posted
2025-02-26,"Glaze Doughnuts","SQ *GLAZE DOUGHNUTS      Katy         TX",Fast Food,-15.56,Posted
2025-02-26,"McDonald's","MCDONALD'S F13012        KATY         TX",Fast Food,-14.57,Posted
2025-02-25,"Little Hands Lea","LITTLE HANDS LEA 2819615495 ***********2357",Babysitter & Daycare,-255.00,Posted
2025-02-25,"Chevron","CHEVRON 0387710          KATY         TX",Gas,-42.89,Posted
2025-02-25,"In-N-Out Burger","IN-N-OUT KATY            KATY         TX",Fast Food,-31.50,Posted
2025-02-25,"Chevron","CHEVRON 0387710          KATY         TX",Gas,-11.95,Posted
2025-02-24,"PayPal Purchase","PAYPAL           INST XFER  ***********PHOT",Uncategorized,-281.45,Posted
2025-02-24,"H-E-B","HEB ONLINE #108          855-803-0611 TX",Groceries,-232.08,Posted
2025-02-24,"Zelle Transfer to Marlon","Zelle: Marlon",Transfer,-130.00,Posted
2025-02-24,"Zelle Transfer to Itziar","Zelle: Itziar",Transfer,-108.00,Posted
2025-02-24,"DoorDash","DD *DOORDASH PINCHOBUR   855-973-1040 CA",Food & Dining,-35.40,Posted
2025-02-24,"McDonald's","MCDONALD'S F13012        KATY         TX",Fast Food,-16.74,Posted
2025-02-24,"Etsy","ETSY  INC.               BROOKLYN     NY",Shopping,-5.92,Posted
2025-02-24,"Pokémon Go","GOOGLE *Pokemon          855-836-3987 CA",Electronics & Software,-2.99,Posted
2025-02-21,"USAA Credit Card","USAA CREDIT CARD PAYMENT    ***********2531",Credit Card Payment,-157.00,Posted
2025-02-21,"USAA Credit Card","USAA CREDIT CARD PAYMENT    ***********4284",Credit Card Payment,-118.00,Posted
2025-02-21,"Katy Isd","RVT*Katy ISD     2813966000 ***********",Education,-3.00,Posted
2025-02-21,"Bona Fitness and Wellne","BONA FITNESS AND WELLNE  713-977-2662 TX",Health & Fitness,-40.00,Posted
2025-02-21,"McDonald's","MCDONALD'S F13012        KATY         TX",Fast Food,-24.63,Posted
2025-02-20,"Katy Isd","RVT*Katy ISD     2813966000 ***********",Education,-100.00,Posted
2025-02-20,"Robinhood","ROBINHOOD        Funds      ***********7009",Transfer,-100.00,Posted
2025-02-20,"H-E-B","H-E-B #797               KATY         TX",Groceries,-48.18,Posted
2025-02-20,"Shell","SHELL OIL 57541840906    KATY         TX",Gas,-6.47,Posted
2025-02-20,"McDonald's","MCDONALD'S F13012        KATY         TX",Fast Food,-2.15,Posted
2025-02-20,"Amazon","AMZN Digital*CO68V6LJ3   888-802-3080 WA",Entertainment,-1.99,Posted
2025-02-19,"Little Hands Lea","LITTLE HANDS LEA 2819615495 ***********7360",Babysitter & Daycare,-255.00,Posted
2025-02-19,"Fidium Fiber Cy","FIDIUM FIBER     BILLPAY    ***********CY P",Utilities,-86.45,Posted
2025-02-19,"McDonald's","MCDONALD'S F13012        KATY         TX",Fast Food,-42.35,Posted
2025-02-19,"Checkout","CHECKOUT #74             KATY         TX",Gas,-26.44,Posted
2025-02-19,"McDonald's","MCDONALD'S F13012        KATY         TX",Fast Food,-21.94,Posted
2025-02-19,"PJ's Coffee","SQ *PJ'S COFFEE OF NEW   Katy         TX",Coffee Shops,-21.17,Posted
2025-02-19,"Glaze Doughnuts","SQ *GLAZE DOUGHNUTS      Katy         TX",Fast Food,-11.17,Posted
2025-02-18,"Interest Paid","INTEREST PAID",Interest Income,0.03,Posted
2025-02-18,"United Wholesale Mortgage","UWM MORTGAGE     UWM MORTGA ***********7053",Mortgage & Rent,-3117.00,Posted
2025-02-18,"Pentagon Federal Transfer","PENTAGON FEDERAL TRNSFR DR  ***********4968",Transfer,-180.00,Posted
2025-02-18,"Tsa Precheck by Telos","TSA PRECHECK BY TELOS    8337771811   VA",Uncategorized,-85.00,Posted
2025-02-18,"Black Bear Diner","TST* BLACK BEAR DINER -  KATY         TX",Restaurants,-71.46,Posted
2025-02-18,"H-E-B","HEB ONLINE #108          855-803-0611 TX",Groceries,-59.34,Posted
2025-02-18,"Bubba's 33","BUBBA'S 33 #2854         KATY         TX",Restaurants,-57.74,Posted
2025-02-18,"Amazon","AMAZON MKTPL*G75OU0KN3   Amzn.com/billWA",Shopping,-57.36,Posted
2025-02-18,"Katy Food Mart","KATY FOOD MART           KATY         TX",Food & Dining,-41.41,Posted
2025-02-18,"McDonald's","MCDONALD'S F40992        KATY         TX",Fast Food,-20.95,Posted
2025-02-18,"McDonald's","MCDONALD'S F13012        KATY         TX",Fast Food,-20.41,Posted
2025-02-18,"Starbucks","STARBUCKS 800-782-7282   800-782-7282 WA",Coffee Shops,-20.00,Posted
2025-02-18,"McDonald's","MCDONALD'S F13012        KATY         TX",Fast Food,-19.86,Posted
2025-02-18,"Amazon","AMAZON MKTPL*FE4IQ5SD3   Amzn.com/billWA",Shopping,-15.69,Posted
2025-02-18,"Walgreens","WALGREENS STORE 5161 FR  KATY         TX",Pharmacy,-15.10,Posted
2025-02-18,"Target","TARGET T-1908            Katy         TX",Shopping,-13.91,Posted
2025-02-18,"McDonald's","MCDONALD'S F32631        KATY         TX",Fast Food,-6.26,Posted
2025-02-18,"Amazon","AMAZON MKTPLACE PMTS     Amzn.com/billWA",Shopping,25.94,Posted
2025-02-14,"Capital One","CAPITAL ONE      TRANSFER   ***********0C58",Transfer,-420.00,Posted
2025-02-14,"Citi Credit Card Payment","CITI AUTOPAY     PAYMENT    ***********0081",Credit Card Payment,-140.00,Posted
2025-02-14,"Firstmark","FIRSTMARK        PAYMENTS   ***********1304",Student Loan,-109.16,Posted
2025-02-14,"Amazon","AMAZON MKTPL*NQ6F775V3   Amzn.com/billWA",Shopping,-40.91,Posted
2025-02-14,"H-E-B","H-E-B #797               KATY         TX",Groceries,-27.60,Posted
2025-02-14,"Adobe","Adobe Inc                800-8336687  CA",Electronics & Software,-22.99,Posted
2025-02-14,"Gandyink.com","GANDY INK                GANDYINK.COM TX",Clothing,-18.36,Posted
2025-02-14,"Amazon","AMAZON MKTPL*PY6H01RA3   Amzn.com/billWA",Shopping,-15.34,Posted
2025-02-14,"Humble Grounds Coff","TST*HUMBLE GROUNDS COFF  Katy         TX",Groceries,-13.52,Posted
2025-02-14,"Amazon","AMAZON MKTPL*K78ZR6K43   Amzn.com/billWA",Shopping,-10.59,Posted
2025-02-14,"Oakville Norton","OBSIDIAN.MD              OAKVILLE NORTON",Shopping,-10.10,Posted
2025-02-14,"Walgreens","WALGREENS #4078          800-289-2273 TX",Pharmacy,-5.98,Posted
2025-02-14,"Teachers Pay Teachers","TEACHERSPAYTEACHERS.COM  6465880910   CA",Business Services,-3.51,Posted
2025-02-14,"Alkami Technolog Direct Deposit","ALKAMI TECHNOLOG DIRECT DEP ***********4Y54",Paycheck,5288.07,Posted
2025-02-13,"PayPal Purchase","PAYPAL           INST XFER  ***********PHOT",Uncategorized,-135.31,Posted
2025-02-13,"Barclaycard","BARCLAYCARD US   CREDITCARD ***********7537",Credit Card Payment,-110.17,Posted
2025-02-13,"Walgreens","WALGREENS STORE 5161 FR  KATY         TX",Pharmacy,-38.94,Posted
2025-02-13,"H-E-B","H-E-B #797               KATY         TX",Groceries,-30.58,Posted
2025-02-13,"Disney+","Roku for Disney Electro  816-2728107  DE",Television,-15.99,Posted
2025-02-13,"Amazon","Amazon.com*PB34R98X3     Amzn.com/billWA",Shopping,-12.98,Posted
2025-02-13,"Glaze Doughnuts","SQ *GLAZE DOUGHNUTS      Katy         TX",Fast Food,-11.71,Posted
2025-02-13,"Pokémon Go","Google Pokemon           650-2530000  CA",Electronics & Software,-9.99,Posted
2025-02-12,"Brookshire Brothers","BROOKSHIRE BROTHERS #9   KATY         TX",Groceries,-101.35,Posted
2025-02-12,"Zelle Transfer to Ruth Obnamia","Zelle: Ruth Obnamia",Transfer,-100.00,Posted
2025-02-12,"Glaze Doughnuts","SQ *GLAZE DOUGHNUTS      Katy         TX",Fast Food,-19.50,Posted
2025-02-12,"McDonald's","MCDONALD'S F40992        KATY         TX",Fast Food,-19.42,Posted
2025-02-12,"Ott Dropout","OTT* DROPOUT             DROPOUT.TV   CA",Television,-5.99,Posted
2025-02-12,"Glaze Doughnuts","SQ *GLAZE DOUGHNUTS      Katy         TX",Fast Food,-5.33,Posted
2025-02-12,"PayPal Transfer","PAYPAL           TRANSFER   ***********9306",Income,40.00,Posted
2025-02-12,"Defense Finance and Accounting Service","DFAS-IN  IND, IN ARMY RC    ***********4858",Paycheck,26.54,Posted
2025-02-11,"Little Hands Lea","LITTLE HANDS LEA 2819615495 ***********2006",Babysitter & Daycare,-255.00,Posted
2025-02-11,"McDonald's","MCDONALD'S F13012        KATY         TX",Fast Food,-19.00,Posted
2025-02-11,"Teachers Pay Teachers","TEACHERSPAYTEACHERS.COM  6465880910   CA",Business Services,-16.40,Posted
2025-02-11,"Etsy","ETSY  INC.               BROOKLYN     NY",Shopping,-6.50,Posted
2025-02-10,"H-E-B","H-E-B #797               KATY         TX",Groceries,-148.08,Posted
2025-02-10,"Amazon","AMAZON MKTPL*Z798O06A1   Amzn.com/billWA",Shopping,-111.66,Posted
2025-02-10,"AMC Theatres","AMC 0148 KATY MILLS 20   KATY         TX",Movies & Dvds,-105.98,Posted
2025-02-10,"Girl Scouts","GIRL SCOUTS OF THE UNIT  855-530-4467 NY",Charity,-24.00,Posted
2025-02-10,"PJ's Coffee","SQ *PJ'S COFFEE OF NEW   Katy         TX",Coffee Shops,-17.64,Posted
2025-02-10,"Amazon","Amazon.com*Z71B15RT1     Amzn.com/billWA",Shopping,-17.03,Posted
2025-02-10,"Amazon","Amazon.com*BO8VB1U23     Amzn.com/billWA",Shopping,-14.05,Posted
2025-02-10,"Amazon","Amazon.com*7R69V9KS3     Amzn.com/billWA",Shopping,-12.06,Posted
2025-02-10,"H-E-B","H-E-B #797               KATY         TX",Groceries,-6.44,Posted
2025-02-10,"Teachers Pay Teachers","TEACHERSPAYTEACHERS.COM  6465880910   CA",Business Services,-4.22,Posted
2025-02-10,"Defense Finance and Accounting Service","DFAS-IN  IND, IN ARMY RC    ***********4858",Paycheck,173.41,Posted
2025-02-07,"BENEFEDS Dental and Vision","FEDVIP-BENEFEDS  FEDVIPPREM ***********4V01",Health & Fitness,-12.20,Posted
2025-02-07,"Brookshire Brothers","BROOKSHIRE BROTHERS #9   KATY         TX",Groceries,-79.92,Posted
2025-02-07,"CiCi's Pizza","CICIS PIZZA 724 ARCADE   281-6937992  TX",Restaurants,-50.00,Posted
2025-02-07,"CiCi's Pizza","TIL*PL CICIS PIZZA 724   KATY         TX",Restaurants,-45.98,Posted
2025-02-07,"McDonald's","MCDONALD'S F13012        KATY         TX",Fast Food,-13.18,Posted
2025-02-07,"Education Benefits for Veterans","VAED TREAS 310   XXVA EDUC  ***********3600",Income,2460.70,Posted
2025-02-07,"Education Benefits for Veterans","VAED TREAS 310   XXVA EDUC  ***********3600",Income,250.00,Posted
2025-02-06,"PayPal Purchase","PAYPAL           INST XFER  ***********IDWI",Uncategorized,-40.00,Posted
2025-02-06,"Katy Isd","RVT*Katy ISD     2813966000 ***********",Education,-10.00,Posted
2025-02-06,"AMC Theatres","AMC 9640 ONLINE          888-440-4262 KS",Movies & Dvds,-102.32,Posted
2025-02-06,"Amazon","AMAZON MKTPL*Z75XZ21O1   Amzn.com/billWA",Shopping,-28.49,Posted
2025-02-06,"Peacock TV","Roku for Peacock TV LLC  816-2728107  DE",Television,-7.99,Posted
2025-02-06,"McDonald's","MCDONALD'S F40992        KATY         TX",Fast Food,-6.37,Posted
2025-02-05,"CVS","CVS/PHARMACY #01 01996-  KATY         TX",Pharmacy,-62.53,Posted
2025-02-05,"H-E-B Gas/Carwash","H-E-B GAS/CARWASH #797   KATY         TX",Gas,-45.24,Posted
2025-02-05,"Amazon","AMAZON MKTPL*Z74MG9JU1   Amzn.com/billWA",Shopping,-39.99,Posted
2025-02-05,"Amazon","AMAZON MKTPL*Z79J81TV1   Amzn.com/billWA",Shopping,-31.28,Posted
2025-02-05,"H-E-B","H-E-B #797               KATY         TX",Groceries,-14.05,Posted
2025-02-05,"Amazon","Amazon.com*Z77373B10     Amzn.com/billWA",Shopping,-13.27,Posted
2025-02-05,"H-E-B","H-E-B #797               KATY         TX",Groceries,-3.25,Posted
2025-02-05,"Apple","APPLE.COM/BILL           866-712-7753 CA",Electronics & Software,-2.99,Posted
2025-02-04,"Little Hands Lea","LITTLE HANDS LEA 2819615495 ***********8801",Babysitter & Daycare,-255.00,Posted
2025-02-04,"TD Bank","TD BANK          PAYMENT    ***********RILL",Transfer,-57.61,Posted
2025-02-04,"Affirm","AFFIRM   PAY HMT         SAN FRANCISCOCA",Financial,-38.11,Posted
2025-02-04,"Amazon","AMAZON MKTPL*J04AJ8IX3   Amzn.com/billWA",Shopping,-36.78,Posted
2025-02-04,"Brookshire Brothers","BROOKSHIRE BROTHERS #9   KATY         TX",Groceries,-29.02,Posted
2025-02-04,"Amazon","Amazon.com*Z79M17LN1     Amzn.com/billWA",Shopping,-22.58,Posted
2025-02-04,"Amazon","AMAZON MKTPL*DW85S5OB3   Amzn.com/billWA",Shopping,-18.39,Posted
2025-02-04,"Amazon","AMAZON MKTPL*Z766F7LC1   Amzn.com/billWA",Shopping,-16.22,Posted
2025-02-04,"PJ's Coffee","SQ *PJ'S COFFEE OF NEW   Katy         TX",Coffee Shops,-15.59,Posted
2025-02-03,"USAA Property and Casualty Insurance","USAA P&C         AUTOPAY    ***********0140",Financial,-279.25,Posted
2025-02-03,"Waller County Mu","WALLER COUNTY MU FBS MDS WA ***********",Gas,-222.95,Posted
2025-02-03,"The Home Depot","HOME DEPOT       AUTO PYMT  ***********0415",Home Improvement,-200.00,Posted
2025-02-03,"Greenlight","GREENLIGHT       APP        ***********IGHT",Allowance,-20.00,Posted
2025-02-03,"H-E-B","H-E-B #797               KATY         TX",Groceries,-52.96,Posted
2025-02-03,"Midtown Arts & Thea Houston","SQ *MIDTOWN ARTS & THEA  Houston      TX",Gifts & Donations,-22.00,Posted
2025-02-03,"PJ's Coffee","SQ *PJ'S COFFEE OF NEW   Katy         TX",Coffee Shops,-20.46,Posted
2025-02-03,"Adobe","Adobe Inc                800-8336687  CA",Electronics & Software,-19.99,Posted
2025-02-03,"Main Street Theater Houston","SQ *MAIN STREET THEATER  HOUSTON      TX",Entertainment,-15.00,Posted
2025-02-03,"McDonald's","MCDONALD'S F40992        KATY         TX",Fast Food,-14.91,Posted
2025-02-03,"H-E-B","H-E-B #797               KATY         TX",Groceries,-14.65,Posted
2025-02-03,"Roku","The Roku Channel         816-2728107  DE",Television,-12.99,Posted
2025-02-03,"Midtown Arts & Thea Houston","SQ *MIDTOWN ARTS & THEA  Houston      TX",Gifts & Donations,-11.00,Posted
2025-02-03,"Apple","APPLE.COM/BILL           866-712-7753 CA",Electronics & Software,-9.99,Posted
2025-02-03,"Patreon","Patreon* Membership      Internet     CA",Entertainment,-7.00,Posted
2025-02-03,"Main Street Theater Houston","SQ *MAIN STREET THEATER  HOUSTON      TX",Entertainment,-4.00,Posted
2025-01-31,"Hyundai Motor Finance","HMF              HMFUSA.com ***********5062",Auto Payment,-869.76,Posted
2025-01-31,"Gexa Energy Electric","GEXA ENERGY      ELECTRIC   ***********7892",Utilities,-203.71,Posted
2025-01-31,"Shell","SHELL OIL 57541840906    KATY         TX",Gas,-20.20,Posted
2025-01-31,"Pinwheel.com","PINWHEEL KID PHONE       PINWHEEL.COM TX",Bills & Utilities,-14.99,Posted
2025-01-31,"Checkout","CHECKOUT #74             KATY         TX",Gas,-14.25,Posted
2025-01-31,"Alkami Technolog Direct Deposit","ALKAMI TECHNOLOG DIRECT DEP ***********7Y54",Paycheck,5320.93,Posted
2025-01-30,"Brookshire Brothers","BROOKSHIRE BROTHERS #9   KATY         TX",Groceries,-99.02,Posted
2025-01-30,"McDonald's","MCDONALD'S F13012        KATY         TX",Fast Food,-23.11,Posted
2025-01-30,"The Coffee Barr","SQ *THE COFFEE BARR      Katy         TX",Coffee Shops,-12.13,Posted
2025-01-30,"Glaze Doughnuts","SQ *GLAZE DOUGHNUTS      Katy         TX",Fast Food,-10.77,Posted
2025-01-30,"Brookshire Brothers","BROOKSHIRE BROTHERS #9   KATY         TX",Groceries,-10.48,Posted
2025-01-29,"PayPal Purchase","PAYPAL           INST XFER  ***********.COM",Uncategorized,-22.99,Posted
2025-01-29,"McDonald's","MCDONALD'S F13012        KATY         TX",Fast Food,-34.38,Posted
2025-01-29,"Buc-ee's","BUC-EE'S #40             KATY         TX",Gas,-32.43,Posted
2025-01-29,"Subway","Subway 15189             Katy         TX",Fast Food,-30.57,Posted
2025-01-28,"Capital One","CAPITAL ONE      TRANSFER   ***********03F5",Transfer,-420.00,Posted
2025-01-28,"Little Hands Lea","LITTLE HANDS LEA 2819615495 ***********1455",Babysitter & Daycare,-255.00,Posted
2025-01-28,"Sunnova Solar","SUNNOVA          SOLAR      ***********7578",Uncategorized,-125.24,Posted
2025-01-28,"CenterPoint Energy","CPENERGY ENTEX   ENT ACH DR ***********7098",Utilities,-32.05,Posted
2025-01-28,"YouTube Premium","Google YouTubePremium    650-2530000  CA",Entertainment,-22.99,Posted
2025-01-28,"Costco","COSTCO WHSE #1167        KATY         TX",Shopping,-14.34,Posted
2025-01-28,"Med Memorial Hermann","MED*MEMORIAL HERMANN     713-338-5502 TX",Doctor,19.00,Posted
2025-01-27,"Snappys Cafe & Gril","TST*SNAPPYS CAFE & GRIL  Katy         TX",Food & Dining,-27.56,Posted
2025-01-27,"PJ's Coffee","SQ *PJ'S COFFEE OF NEW   Katy         TX",Coffee Shops,-19.61,Posted
2025-01-27,"Amazon","AMAZON MKTPL*ZG1ZE1A41   Amzn.com/billWA",Shopping,-13.82,Posted
2025-01-27,"Samsung","Samsung                  800-7267864  NJ",Electronics & Software,-13.40,Posted
2025-01-27,"Crunchyroll","CRUNCHYROLL *MEMBERSHI   415-503-9235 CA",Movies & Dvds,-8.62,Posted
2025-01-24,"Amazon","AMAZON MKTPL*ZC4IV5202   Amzn.com/billWA",Shopping,-66.81,Posted
2025-01-24,"Burger","TST*TMG BURGER           Katy         TX",Food & Dining,-41.25,Posted
2025-01-24,"Amazon","AMAZON MKTPL*ZG4YN12R0   Amzn.com/billWA",Shopping,-20.56,Posted
2025-01-24,"Pokémon Go","GOOGLE *Pokemon          855-836-3987 CA",Electronics & Software,-2.99,Posted
2025-01-23,"PayPal Pay in 4","PAYPAL           INST XFER  ***********YIN4",Shopping,-17.42,Posted
2025-01-23,"CVS","CVS/PHARMACY #01 01996-  KATY         TX",Pharmacy,-17.78,Posted
2025-01-23,"Amazon","AMAZON MKTPL*ZG0KU7DH0   Amzn.com/billWA",Shopping,-12.76,Posted
2025-01-22,"Little Hands Lea","LITTLE HANDS LEA 2819615495 ***********3646",Babysitter & Daycare,-255.00,Posted
2025-01-22,"Robinhood","ROBINHOOD        Funds      ***********7009",Transfer,-100.00,Posted
2025-01-22,"Defense Finance and Accounting Service","DFAS-IN  IND, IN ARMY RC    ***********4858",Paycheck,18.29,Posted
2025-01-21,"USAA Credit Card","USAA CREDIT CARD PAYMENT    ***********4284",Credit Card Payment,-119.00,Posted
2025-01-21,"USAA Credit Card","USAA CREDIT CARD PAYMENT    ***********2531",Credit Card Payment,-107.00,Posted
2025-01-21,"Katy Isd","RVT*Katy ISD     2813966000 ***********",Education,-90.75,Posted
2025-01-21,"Amazon","AMAZON MKTPL*ZG8CU2YH2   Amzn.com/billWA",Shopping,-157.44,Posted
2025-01-21,"H-E-B","HEB ONLINE #108          855-803-0611 TX",Groceries,-137.26,Posted
2025-01-21,"Amazon","Amazon.com*Z53Z17SG1     Amzn.com/billWA",Shopping,-113.11,Posted
2025-01-21,"Altitude","Altitude Katy            Katy         TX",Entertainment,-101.71,Posted
2025-01-21,"Altitude Trampoline Park","TST* ALTITUDE TRAMPOLIN  KATY         TX",Amusement,-54.08,Posted
2025-01-21,"H-E-B","H-E-B #797               KATY         TX",Groceries,-47.23,Posted
2025-01-21,"Bona Fitness and Wellne","BONA FITNESS AND WELLNE  713-977-2662 TX",Health & Fitness,-40.00,Posted
2025-01-21,"Affirm","AFFIRM   PAY EAY         SAN FRANCISCOCA",Financial,-38.10,Posted
2025-01-21,"Amazon","Amazon.com*ZC40P0ZR2     Amzn.com/billWA",Shopping,-35.23,Posted
2025-01-21,"Chipotle","CHIPOTLE 2970            KATY         TX",Fast Food,-26.63,Posted
2025-01-21,"Altitude","Altitude Katy            Katy         TX",Entertainment,-16.40,Posted
2025-01-21,"H-E-B","H-E-B  PHARMACY          855-803-0611 TX",Groceries,-16.00,Posted
2025-01-21,"H-E-B","H-E-B  PHARMACY          855-803-0611 TX",Groceries,-4.28,Posted
2025-01-21,"Amazon","AMZN Digital*ZC6U16Z92   888-802-3080 WA",Entertainment,-1.99,Posted
2025-01-21,"Amazon","AMAZON MKTPLACE PMTS     Amzn.com/billWA",Shopping,17.31,Posted
2025-01-17,"Interest Paid","INTEREST PAID",Interest Income,0.02,Posted
2025-01-17,"Fidium Fiber Cy","FIDIUM FIBER     BILLPAY    ***********CY P",Utilities,-86.45,Posted
2025-01-17,"Walmart","WM SUPERCENTER #3226     KATY         TX",Shopping,-133.63,Posted
2025-01-17,"Defense Finance and Accounting Service","DFAS-IN  IND, IN ARMY RC    ***********4858",Paycheck,173.40,Posted
2025-01-16,"United Wholesale Mortgage","UWM MORTGAGE     UWM MORTGA ***********8016",Mortgage & Rent,-3117.00,Posted
2025-01-16,"McDonald's","MCDONALD'S F13012        KATY         TX",Fast Food,-16.66,Posted
2025-01-15,"Pentagon Federal Transfer","PENTAGON FEDERAL TRNSFR DR  ***********4968",Transfer,-180.00,Posted
2025-01-15,"Amazon","AMAZON MKTPL*ZD45Z37N1   Amzn.com/billWA",Shopping,-43.29,Posted
2025-01-15,"Amazon","AMAZON MKTPL*Z53WP05R0   Amzn.com/billWA",Shopping,-22.72,Posted
2025-01-15,"Alkami Technolog Direct Deposit","ALKAMI TECHNOLOG DIRECT DEP ***********6Y54",Paycheck,5320.95,Posted
2025-01-14,"Citi Credit Card Payment","CITI AUTOPAY     PAYMENT    ***********0056",Credit Card Payment,-1592.46,Posted
2025-01-14,"Capital One","CAPITAL ONE      TRANSFER   ***********BF83",Transfer,-420.00,Posted
2025-01-14,"Little Hands Lea","LITTLE HANDS LEA 2819615495 ***********3721",Babysitter & Daycare,-255.00,Posted
2025-01-14,"Firstmark","FIRSTMARK        PAYMENTS   ***********1304",Student Loan,-110.90,Posted
2025-01-14,"Adobe","Adobe Inc                800-8336687  CA",Electronics & Software,-22.99,Posted
2025-01-14,"Little Caesars","LITTLE CAESARS 4642 Q67  KATY         TX",Fast Food,-21.61,Posted
2025-01-14,"Oakville Norton","OBSIDIAN.MD              OAKVILLE NORTON",Shopping,-10.10,Posted
2025-01-14,"Zelle Transfer from Arthur Morrill","Zelle: Arthur Morrill",Income,2000.00,Posted
2025-01-14,"USAA Transfer","USAA FUNDS TRANSFER CR",Transfer,361.50,Posted
2025-01-13,"Barclaycard","BARCLAYCARD US   CREDITCARD ***********8662",Credit Card Payment,-110.03,Posted
2025-01-13,"Mint Mobile","MINT MOBILE              800-683-7392 CA",Mobile Phone,-98.06,Posted
2025-01-13,"Xbox Game Pass Ultimate","Microsoft*Ultimate 3 Mo  425-6816830  WA",Electronics & Software,-59.99,Posted
2025-01-13,"Sonic","SONIC DRIVE IN #1140     KATY         TX",Fast Food,-39.97,Posted
2025-01-13,"Disney+","Roku for Disney Electro  816-2728107  DE",Television,-15.99,Posted
2025-01-13,"Pokémon Go","GOOGLE *Pokemon          855-836-3987 CA",Electronics & Software,-9.99,Posted
2025-01-13,"Amazon","AMAZON MKTPL*Z55UV7IM2   Amzn.com/billWA",Shopping,-9.73,Posted
2025-01-13,"Ott Dropout","OTT* DROPOUT             DROPOUT.TV   CA",Television,-5.99,Posted
2025-01-09,"Amazon","AMAZON MKTPL*ZD04M9GR0   Amzn.com/billWA",Shopping,-29.17,Posted
2025-01-08,"PayPal Pay in 4","PAYPAL           INST XFER  ***********YIN4",Shopping,-62.44,Posted
2025-01-08,"PayPal Pay in 4","PAYPAL           INST XFER  ***********YIN4",Shopping,-17.43,Posted
2025-01-08,"BENEFEDS Dental and Vision","FEDVIP-BENEFEDS  FEDVIPPREM ***********4V01",Health & Fitness,-12.20,Posted
2025-01-07,"Little Hands Lea","LITTLE HANDS LEA 2819615495 ***********5077",Babysitter & Daycare,-255.00,Posted
2025-01-07,"Amazon","AMAZON MKTPL*ZD3EC5TK0   Amzn.com/billWA",Shopping,-155.91,Posted
2025-01-07,"Affirm","AFFIRM   PAY 7R5         SAN FRANCISCOCA",Financial,-38.10,Posted
2025-01-07,"ExxonMobil","EXXON CHECKOUT #74       KATY         TX",Gas,-37.31,Posted
2025-01-07,"Checkout","CHECKOUT #74             KATY         TX",Gas,-6.16,Posted
2025-01-07,"Shell","SHELL OIL 57541840906    KATY         TX",Gas,-4.99,Posted
2025-01-06,"TD Bank","TD BANK          PAYMENT    ***********RILL",Transfer,-57.61,Posted
2025-01-06,"McDonald's","MCDONALD'S F40619        KATY         TX",Fast Food,-35.00,Posted
2025-01-06,"Amazon","Amazon.com*ZP6XD3DN0     Amzn.com/billWA",Shopping,-27.74,Posted
2025-01-06,"Amazon","AMAZON MKTPL*ZD19E4X02   Amzn.com/billWA",Shopping,-22.72,Posted
2025-01-06,"Peacock TV","Roku for Peacock TV LLC  816-2728107  DE",Television,-7.99,Posted
2025-01-06,"Target","TARGET        00028829   KATY         TX",Shopping,-4.28,Posted
2025-01-06,"Apple","APPLE.COM/BILL           866-712-7753 CA",Electronics & Software,-2.99,Posted
2025-01-03,"The Home Depot","HOME DEPOT       AUTO PYMT  ***********0478",Home Improvement,-200.00,Posted
2025-01-03,"Waller County Mu","WALLER COUNTY MU FBS MDS WA ***********",Gas,-146.83,Posted
2025-01-03,"Apple","APPLE.COM/BILL           866-712-7753 CA",Electronics & Software,-9.99,Posted
2025-01-02,"USAA Property and Casualty Insurance","USAA P&C         AUTOPAY    ***********0140",Financial,-396.60,Posted
2025-01-02,"Greenlight","GREENLIGHT       APP        ***********IGHT",Allowance,-20.00,Posted
2025-01-02,"Zelle Transfer to Itziar","Zelle: Itziar",Transfer,-264.00,Posted
2025-01-02,"H-E-B","H-E-B #797               KATY         TX",Groceries,-96.78,Posted
2025-01-02,"Glaze Doughnuts","SQ *GLAZE DOUGHNUTS      Katy         TX",Fast Food,-29.59,Posted
2025-01-02,"Adobe","Adobe Inc                800-8336687  CA",Electronics & Software,-19.99,Posted
2025-01-02,"Roku","The Roku Channel         816-2728107  DE",Television,-12.99,Posted
2025-01-02,"Patreon","Patreon* Membership      Internet     CA",Entertainment,-7.00,Posted
2025-01-02,"H-E-B","H-E-B #797               KATY         TX",Groceries,-0.77,Posted
2024-12-31,"Hyundai Motor Finance","HMF              HMFUSA.com ***********5062",Auto Payment,-869.76,Posted
2024-12-31,"Little Hands Lea","LITTLE HANDS LEA 2819615495 ***********0561",Babysitter & Daycare,-255.00,Posted
2024-12-31,"Transfer to Venmo","VENMO            PAYMENT    ***********8006",Transfer,-155.00,Posted
2024-12-31,"Pinwheel.com","PINWHEEL KID PHONE       PINWHEEL.COM TX",Bills & Utilities,-14.99,Posted
2024-12-30,"CAPITAL ONE      TRANSFER   ***********F80A","CAPITAL ONE      TRANSFER   ***********F80A",Category Pending,-420.00,Posted
2024-12-30,"GEXA ENERGY      ELECTRIC   ***********1275","GEXA ENERGY      ELECTRIC   ***********1275",Category Pending,-197.20,Posted
2024-12-30,"PAYPAL           INST XFER  ***********.COM","PAYPAL           INST XFER  ***********.COM",Category Pending,-22.99,Posted
2024-12-30,"Zelle: Itziar","Zelle: Itziar",Category Pending,-175.00,Posted
2024-12-30,"YouTube Premium","GOOGLE *YouTubePremium   g.co/helppay#CA",Entertainment,-22.99,Posted
2024-12-30,"ALKAMI TECH      PAYROLL    ***********0993","ALKAMI TECH      PAYROLL    ***********0993",Category Pending,5174.56,Posted
2024-12-30,"ALKAMI TECHNOLOG DIRECT-PAY ***********6881","ALKAMI TECHNOLOG DIRECT-PAY ***********6881",Category Pending,360.46,Posted
2024-12-27,"SUNNOVA          SOLAR      ***********5183","SUNNOVA          SOLAR      ***********5183",Category Pending,-96.02,Posted
2024-12-27,"CPENERGY ENTEX   ENT ACH DR ***********7098","CPENERGY ENTEX   ENT ACH DR ***********7098",Category Pending,-39.00,Posted
2024-12-27,"CRUNCHYROLL *MEMBERSHI   415-503-9235 CA","CRUNCHYROLL *MEMBERSHI   415-503-9235 CA",Category Pending,-8.62,Posted
2024-12-26,"ETSY  INC.               BROOKLYN     NY","ETSY  INC.               BROOKLYN     NY",Category Pending,-35.45,Posted
2024-12-26,"SQ *GLAZE DOUGHNUTS      Katy         TX","SQ *GLAZE DOUGHNUTS      Katy         TX",Category Pending,-20.94,Posted
2024-12-26,"IAH PARKING AREA C       HOUSTON      TX","IAH PARKING AREA C       HOUSTON      TX",Category Pending,-10.00,Posted
2024-12-26,"DEPOSIT@MOBILE","DEPOSIT@MOBILE",Category Pending,200.00,Posted
2024-12-24,"LITTLE HANDS LEA 2819615495 ***********5659","LITTLE HANDS LEA 2819615495 ***********5659",Category Pending,-255.00,Posted
2024-12-24,"PAYPAL           INST XFER  ***********YIN4","PAYPAL           INST XFER  ***********YIN4",Category Pending,-62.43,Posted
2024-12-24,"PAYPAL           INST XFER  ***********YIN4","PAYPAL           INST XFER  ***********YIN4",Category Pending,-17.43,Posted
2024-12-24,"GOOGLE *Pokemon          855-836-3987 CA","GOOGLE *Pokemon          855-836-3987 CA",Category Pending,-2.99,Posted
2024-12-24,"Zelle: Arthur Morrill","Zelle: Arthur Morrill",Category Pending,500.00,Posted
2024-12-23,"USAA CREDIT CARD PAYMENT    ***********4284","USAA CREDIT CARD PAYMENT    ***********4284",Category Pending,-121.00,Posted
2024-12-23,"USAA CREDIT CARD PAYMENT    ***********2531","USAA CREDIT CARD PAYMENT    ***********2531",Category Pending,-51.00,Posted
2024-12-23,"PAN PA' VENEZUELA        KATY         TX","PAN PA' VENEZUELA        KATY         TX",Category Pending,-42.22,Posted
2024-12-23,"BONA FITNESS AND WELLNE  713-977-2662 TX","BONA FITNESS AND WELLNE  713-977-2662 TX",Category Pending,-40.00,Posted
2024-12-23,"AFFIRM.COM PAYMENTS      AFFIRM.COM   CA","AFFIRM.COM PAYMENTS      AFFIRM.COM   CA",Category Pending,-38.10,Posted
2024-12-23,"AMAZON MKTPL*Z90LI2VJ0   Amzn.com/billWA","AMAZON MKTPL*Z90LI2VJ0   Amzn.com/billWA",Category Pending,-26.52,Posted
2024-12-23,"TST*SNAPPYS CAFE & GRIL  Katy         TX","TST*SNAPPYS CAFE & GRIL  Katy         TX",Category Pending,-21.08,Posted
2024-12-23,"Amazon","AMAZON MKTPL*Z18KW6YR1   Amzn.com/billWA",Shopping,-16.55,Posted
2024-12-23,"Amazon","AMAZON MKTPL*Z92YB6JO1   Amzn.com/billWA",Shopping,-13.79,Posted
2024-12-23,"Smarte Carte","Strollers SmarteCarte 1  Katy         TX",Travel,-12.00,Posted
2024-12-23,"Heritage Amusements Katy","SQ *HERITAGE AMUSEMENTS  Katy         TX",Entertainment,-10.00,Posted
2024-12-23,"Apple","APPLE.COM/BILL           866-712-7753 CA",Electronics & Software,-9.99,Posted
2024-12-23,"USAA Transfer","USAA FUNDS TRANSFER CR",Transfer,364.50,Posted
2024-12-23,"Capital One","CAPITAL ONE      TRANSFER   RT0B17387B03E51",Transfer,200.00,Posted
2024-12-20,"Robinhood","ROBINHOOD        Funds      ***********7009",Transfer,-100.00,Posted
2024-12-20,"PayPal Purchase","PAYPAL           INST XFER  ***********LATE",Uncategorized,-76.87,Posted
2024-12-20,"Shell","SHELL SERVICE STATION    KATY         TX",Gas,-40.47,Posted
2024-12-20,"Glaze Doughnuts","SQ *GLAZE DOUGHNUTS      Katy         TX",Fast Food,-18.00,Posted
2024-12-20,"McDonald's","MCDONALD'S F13012        KATY         TX",Fast Food,-12.62,Posted
2024-12-20,"Amazon","AMZN Digital*Z19R19IT1   888-802-3080 WA",Entertainment,-1.99,Posted
2024-12-19,"Fidium Fiber Cy","FIDIUM FIBER     BILLPAY    ***********CY P",Utilities,-86.45,Posted
2024-12-19,"H-E-B","H-E-B #797               KATY         TX",Groceries,-262.43,Posted
2024-12-19,"Amazon","AMAZON MKTPL*Z997Y7O30   Amzn.com/billWA",Shopping,-121.74,Posted
2024-12-19,"H-E-B","H-E-B #797               KATY         TX",Groceries,-32.80,Posted
2024-12-19,"McDonald's","MCDONALD'S F13012        KATY         TX",Fast Food,-7.57,Posted
2024-12-19,"USAA Transfer","USAA FUNDS TRANSFER DB",Transfer,-3.00,Posted
2024-12-18,"Interest Paid","INTEREST PAID",Interest Income,0.02,Posted
2024-12-18,"Domino's","DOMINO'S 6740            734-930-3030 TX",Fast Food,-60.16,Posted
2024-12-18,"Ali","ALI06300                 KATY         TX",Cash,-43.00,Posted
2024-12-18,"Brookshire Brothers","BROOKSHIRE BROTHERS #9   KATY         TX",Groceries,-16.03,Posted
2024-12-18,"Amazon","AMAZON MKTPL*Z90IV1AX2   Amzn.com/billWA",Shopping,-10.81,Posted
2024-12-18,"Glaze Doughnuts","SQ *GLAZE DOUGHNUTS      Katy         TX",Fast Food,-8.63,Posted
2024-12-18,"Glaze Doughnuts","SQ *GLAZE DOUGHNUTS      Katy         TX",Fast Food,-3.24,Posted
2024-12-18,"ATM Fee Rebate","ATM REBATE",Atm Fee,3.00,Posted
2024-12-17,"Little Hands Lea","LITTLE HANDS LEA 2819615495 ***********2267",Babysitter & Daycare,-255.00,Posted
2024-12-17,"Pentagon Federal Transfer","PENTAGON FEDERAL TRNSFR DR  ***********4968",Transfer,-180.00,Posted
2024-12-17,"Brookshire Brothers","BROOKSHIRE BROTHERS #9   KATY         TX",Groceries,-65.51,Posted
2024-12-17,"McDonald's","MCDONALD'S F13012        KATY         TX",Fast Food,-40.94,Posted
2024-12-17,"Brookshire Brothers","BROOKSHIRE BROTHERS #9   KATY         TX",Groceries,-5.14,Posted
2024-12-16,"United Wholesale Mortgage","UWM MORTGAGE     UWM MORTGA ***********2973",Mortgage & Rent,-3117.00,Posted
2024-12-16,"Capital One","CAPITAL ONE      TRANSFER   ***********8AB3",Transfer,-420.00,Posted
2024-12-16,"Citi Credit Card Payment","CITI AUTOPAY     PAYMENT    ***********0068",Credit Card Payment,-300.00,Posted
2024-12-16,"Firstmark","FIRSTMARK        PAYMENTS   ***********1304",Student Loan,-110.90,Posted
2024-12-16,"H-E-B","H-E-B #797               KATY         TX",Groceries,-60.57,Posted
2024-12-16,"Great Wrap Katy Mills","GREAT WRAP KATY MILLS    KATY         TX",Fast Food,-37.93,Posted
2024-12-16,"CVS","CVS/PHARMACY #01 01996-  KATY         TX",Pharmacy,-35.21,Posted
2024-12-16,"Oculus","OCULUS *57TY9HUWL2       oculus.com   CA",Entertainment,-32.46,Posted
2024-12-16,"KFC via DoorDash","DD *DOORDASH KFC         WWW.DOORDASH.CA",Food & Dining,-27.32,Posted
2024-12-16,"Funbox Houston","SQ *FUNBOX HOUSTON       Houston      TX",Entertainment,-26.80,Posted
2024-12-16,"Adobe","Adobe Inc                800-8336687  CA",Electronics & Software,-22.99,Posted
2024-12-16,"Amazon","AMAZON MKTPL*ZX8RL8BT1   Amzn.com/billWA",Shopping,-14.98,Posted
2024-12-16,"Amazon","Amazon.com*ZX0RP9YH0     Amzn.com/billWA",Shopping,-12.94,Posted
2024-12-16,"Oakville Norton","OBSIDIAN.MD              OAKVILLE NORTON",Shopping,-10.10,Posted
2024-12-16,"Apple","APPLE.COM/BILL           866-712-7753 CA",Electronics & Software,-9.99,Posted
2024-12-16,"Shell","SHELL OIL 57541840906    KATY         TX",Gas,-8.39,Posted
2024-12-16,"Defense Finance and Accounting Service","DFAS-IN  IND, IN ARMY RC    ***********4858",Paycheck,32.56,Posted
2024-12-13,"Barclaycard","BARCLAYCARD US   CREDITCARD ***********4661",Credit Card Payment,-114.23,Posted
2024-12-13,"PayPal Purchase","PAYPAL           INST XFER  ***********LATE",Uncategorized,-76.87,Posted
2024-12-13,"Amazon","AMAZON MKTPL*Z19C34F02   Amzn.com/billWA",Shopping,-40.03,Posted
2024-12-13,"Disney+","Roku for Disney Electro  816-2728107  DE",Television,-15.99,Posted
2024-12-13,"7-Eleven","7-ELEVEN 42205           HEARNE       TX",Gas,-12.63,Posted
2024-12-13,"Pokémon Go","GOOGLE *Pokemon          855-836-3987 CA",Electronics & Software,-9.99,Posted
2024-12-13,"Glaze Doughnuts","SQ *GLAZE DOUGHNUTS      Katy         TX",Fast Food,-8.70,Posted
2024-12-13,"McDonald's","MCDONALD'S F13012        KATY         TX",Fast Food,-6.25,Posted
2024-12-13,"Alkami Tech Payroll","ALKAMI TECH      PAYROLL    ***********0993",Paycheck,5174.55,Posted
2024-12-12,"Katy Isd","RVT*Katy ISD     2813966000 ***********",Education,-50.00,Posted
2024-12-12,"Buc-ee's","BUC-EE'S #               KATY         TX",Gas,-36.22,Posted
2024-12-12,"Buc-ee's","BUC-EE'S #               HILLSBORO    TX",Fast Food,-26.04,Posted
2024-12-12,"Py Hteao","PY *HTEAO KATY           KATY         TX",Fast Food,-8.42,Posted
2024-12-12,"Ott Dropout Dropca","OTT* DROPOUT             HTTPSWWW.DROPCA",Utilities,-5.99,Posted
2024-12-11,"Med Memorial Hermann","MED*MEMORIAL HERMANN     713-338-5502 TX",Doctor,-50.00,Posted
2024-12-11,"Murphy USA","MURPHY6548ATWALMART      DALLAS       TX",Gas,-44.49,Posted
2024-12-11,"Sunoco","SUNOCO 8002059902        KATY         TX",Gas,-40.34,Posted
2024-12-11,"Amazon","AMAZON MKTPL*ZX1BZ85C2   Amzn.com/billWA",Shopping,-26.99,Posted
2024-12-11,"Taco Bell","TACO BELL 027800         KATY         TX",Fast Food,-24.44,Posted
2024-12-11,"Chevron","CHEVRON 0374708          BROOKSHIRE   TX",Gas,-20.60,Posted
2024-12-11,"Buc-ee's","BUC-EE'S #40             KATY         TX",Fast Food,-13.38,Posted
2024-12-10,"Little Hands Lea","LITTLE HANDS LEA 2819615495 ***********7422",Babysitter & Daycare,-255.00,Posted
2024-12-10,"Brookshire Brothers","BROOKSHIRE BROTHERS #9   KATY         TX",Groceries,-59.50,Posted
2024-12-10,"Apple","APPLE.COM/BILL           866-712-7753 CA",Electronics & Software,-49.99,Posted
2024-12-10,"Subway","Subway 50508             Katy         TX",Fast Food,-39.63,Posted
2024-12-10,"Amazon","AMAZON MKTPL*ZR8WF5MD1   Amzn.com/billWA",Shopping,-32.46,Posted
2024-12-10,"Amazon","AMAZON MKTPL*ZX7JO8GY2   Amzn.com/billWA",Shopping,-18.39,Posted
2024-12-10,"Amazon","AMAZON MKTPL*ZR94Y7MF1   Amzn.com/billWA",Shopping,-18.39,Posted
2024-12-10,"McDonald's","MCDONALD'S F35857        RICHMOND     TX",Fast Food,-16.01,Posted
2024-12-10,"Amazon","AMAZON MKTPL*ZR5470MO1   Amzn.com/billWA",Shopping,-6.48,Posted
2024-12-09,"PayPal Pay in 4","PAYPAL           INST XFER  ***********YIN4",Shopping,-62.43,Posted
2024-12-09,"PayPal Pay in 4","PAYPAL           INST XFER  ***********YIN4",Shopping,-17.43,Posted
2024-12-09,"H-E-B","HEB ONLINE #108          855-803-0611 TX",Groceries,-267.22,Posted
2024-12-09,"Humble Grounds Coff","TST*HUMBLE GROUNDS COFF  Katy         TX",Groceries,-23.09,Posted
2024-12-09,"Apple","APPLE.COM/BILL           866-712-7753 CA",Electronics & Software,-9.99,Posted
2024-12-09,"Apple","APPLE.COM/BILL           866-712-7753 CA",Electronics & Software,-2.99,Posted
2024-12-06,"PayPal Purchase","PAYPAL           INST XFER  ***********LATE",Uncategorized,-76.87,Posted
2024-12-06,"BENEFEDS Dental and Vision","FEDVIP-BENEFEDS  FEDVIPPREM ***********4V01",Health & Fitness,-11.98,Posted
2024-12-06,"Zelle Transfer to Eyad Essa","Zelle: Eyad Essa",Transfer,-150.00,Posted
2024-12-06,"Eatery","JLB EATERY - KATY        KATY         TX",Fast Food,-98.42,Posted
2024-12-06,"Amazon","AMAZON MKTPL*ZR3L083E0   Amzn.com/billWA",Shopping,-31.56,Posted
2024-12-06,"Peacock TV","Roku for Peacock TV LLC  816-2728107  DE",Television,-7.99,Posted
2024-12-05,"Bass Pro Shops","BASS PRO STORE KATY/HO   KATY         TX",Sporting Goods,-32.45,Posted
2024-12-05,"TikTok Shop","TikTok Shop TikTok Shop  Mountain ViewCA",Shopping,-25.24,Posted
2024-12-05,"Oculus","OCULUS *ATX4FH4WL2       oculus.com   CA",Entertainment,-10.81,Posted
2024-12-04,"Gexa Energy Electric","GEXA ENERGY      ELECTRIC   ***********8567",Utilities,-260.03,Posted
2024-12-04,"TD Bank","TD BANK          PAYMENT    ***********RILL",Transfer,-57.61,Posted
2024-12-04,"Katy Isd","RVT*Katy ISD     2813966000 ***********",Education,-57.58,Posted
2024-12-04,"McDonald's","MCDONALD'S F13012        KATY         TX",Fast Food,-37.28,Posted
2024-12-04,"PJ's Coffee","SQ *PJ'S COFFEE OF NEW   Katy         TX",Coffee Shops,-12.26,Posted
2024-12-04,"PJ's Coffee","SQ *PJ'S COFFEE OF NEW   Katy         TX",Coffee Shops,-11.19,Posted
2024-12-04,"Apple","APPLE.COM/BILL           866-712-7753 CA",Electronics & Software,-9.99,Posted
2024-12-04,"H-E-B","H-E-B #797               KATY         TX",Groceries,-0.77,Posted
2024-12-03,"USAA Property and Casualty Insurance","USAA P&C         AUTOPAY    ***********0140",Financial,-396.60,Posted
2024-12-03,"Little Hands Lea","LITTLE HANDS LEA 2819615495 ***********5041",Babysitter & Daycare,-255.00,Posted
2024-12-03,"The Home Depot","HOME DEPOT       AUTO PYMT  ***********0082",Home Improvement,-200.00,Posted
2024-12-03,"Waller County Mu","WALLER COUNTY MU FBS MDS WA ***********",Gas,-170.48,Posted
2024-12-03,"Pitstop Express","PITSTOP EXPRESS #28      KATY         TX",Gas,-40.30,Posted
2024-12-03,"PJ's Coffee","SQ *PJ'S COFFEE OF NEW   Katy         TX",Coffee Shops,-18.73,Posted
2024-12-03,"Apple","APPLE.COM/BILL           866-712-7753 CA",Electronics & Software,-9.99,Posted
2024-12-02,"Hyundai Motor Finance","HMF              HMFUSA.com ***********5062",Auto Payment,-869.76,Posted
2024-12-02,"Greenlight","GREENLIGHT       APP        ***********IGHT",Allowance,-20.00,Posted
2024-12-02,"Mint Mobile","MINT MOBILE              800-683-7392 CA",Mobile Phone,-390.43,Posted
2024-12-02,"H-E-B","H-E-B #797               KATY         TX",Groceries,-199.73,Posted
2024-12-02,"H-E-B","HEB ONLINE #108          855-803-0611 TX",Groceries,-151.31,Posted
2024-12-02,"McDonald's","MCDONALD'S F13012        KATY         TX",Fast Food,-40.30,Posted
2024-12-02,"Amazon","Amazon.com*Z37RT2US1     Amzn.com/billWA",Shopping,-36.44,Posted
2024-12-02,"Inside the Beltway","441 INSIDE THE BELTWAY   LAS VEGAS    DC",Shopping,-31.76,Posted
2024-12-02,"Dunkin'","DUNKIN DONUTS WASHINGT   WASHINGTON   DC",Coffee Shops,-26.49,Posted
2024-12-02,"Starbucks","STARBUCKS 800-782-7282   800-782-7282 WA",Coffee Shops,-25.00,Posted
2024-12-02,"Adobe","Adobe Inc                800-8336687  CA",Electronics & Software,-19.99,Posted
2024-12-02,"Amazon","AMAZON MKTPL*Z33YB6IX0   Amzn.com/billWA",Shopping,-17.03,Posted
2024-12-02,"Pinwheel.com","PINWHEEL KID PHONE       PINWHEEL.COM TX",Bills & Utilities,-14.99,Posted
2024-12-02,"Yellowdig.com","WWW.YELLOWDIG.COM        WWW.YELLOWDIGPA",Electronics & Software,-14.95,Posted
2024-12-02,"Inside the Beltway","441 INSIDE THE BELTWAY   LAS VEGAS    DC",Shopping,-13.81,Posted
2024-12-02,"Roku","The Roku Channel         816-2728107  DE",Television,-12.99,Posted
2024-12-02,"Amazon","AMAZON MKTPL*ZL3DD0EZ2   Amzn.com/billWA",Shopping,-11.90,Posted
2024-12-02,"United Airlines Inflight Purchase","UA INFLT    01644529039  HOUSTON      TX",Air Travel,-10.00,Posted
2024-12-02,"United Airlines Inflight Purchase","UA INFLT    01644529039  HOUSTON      TX",Air Travel,-10.00,Posted
2024-12-02,"United Airlines Inflight Purchase","UA INFLT    01644529039  HOUSTON      TX",Air Travel,-10.00,Posted
2024-12-02,"Patreon","Patreon* Membership      Internet     CA",Entertainment,-7.00,Posted
2024-12-02,"United Airlines Inflight Purchase","UA INFLT    01644529039  HOUSTON      TX",Air Travel,-5.00,Posted
2024-12-02,"United Airlines Inflight Purchase","UA INFLT    01644529039  HOUSTON      TX",Air Travel,-5.00,Posted
2024-12-02,"Oculus","OCULUS *Meta Platform    650-5434800  CA",Entertainment,-1.00,Posted
2024-12-02,"Oculus","OCULUS *Meta Platform    650-5434800  CA",Entertainment,1.00,Posted
2024-11-29,"Capital One","CAPITAL ONE      TRANSFER   ***********DC9C",Transfer,-420.00,Posted
2024-11-29,"PayPal Purchase","PAYPAL           INST XFER  ***********.COM",Uncategorized,-22.99,Posted
2024-11-29,"Hands Birth","IN HIS HANDS BIRTH 99    800-247-4045 TX",Health & Fitness,-133.64,Posted
2024-11-29,"YouTube Premium","GOOGLE *YouTubePremium   g.co/helppay#CA",Entertainment,-22.99,Posted
2024-11-29,"Greenlight","GREENLIGHT       APP        GREENLIGHT",Allowance,150.00,Posted
2024-11-27,"Harris Teeter","HARRIS TEETER #0332      CHARLOTTESVILVA",Groceries,-18.49,Posted
2024-11-27,"Crunchyroll","CRUNCHYROLL *MEMBERSHI   415-503-9235 CA",Movies & Dvds,-8.62,Posted
2024-11-27,"Education Benefits for Veterans","VAED TREAS 310   XXVA EDUC  ***********3600",Income,559.25,Posted
2024-11-26,"Little Hands Lea","LITTLE HANDS LEA 2819615495 ***********3780",Babysitter & Daycare,-255.00,Posted
2024-11-26,"Harris Teeter","HARRIS TEETER #0332      CHARLOTTESVILVA",Groceries,-40.69,Posted
2024-11-26,"Apple","APPLE.COM/BILL           866-712-7753 CA",Electronics & Software,-9.99,Posted
2024-11-26,"Alkami Tech Payroll","ALKAMI TECH      PAYROLL    ***********0993",Paycheck,5174.55,Posted
2024-11-26,"USAA Transfer","USAA FUNDS TRANSFER CR",Transfer,723.00,Posted
2024-11-25,"Citi Credit Card Payment","CITI AUTOPAY     PAYMENT    ***********0222",Credit Card Payment,-237.50,Posted
2024-11-25,"PayPal Pay in 4","PAYPAL           INST XFER  ***********YIN4",Shopping,-62.44,Posted
2024-11-25,"Harris Teeter","HARRIS TEETER            704-716-2000 NC",Groceries,-169.42,Posted
2024-11-25,"Mi Rancho","TST*MI RANCHO CROZET     Crozet       VA",Restaurants,-78.18,Posted
2024-11-25,"Harris Teeter","HARRIS TEETER #0332      CHARLOTTESVILVA",Groceries,-55.29,Posted
2024-11-25,"Surge Entertainment by Virginia Beacva","SURGE ENTERTAINMENT BY   VIRGINIA BEACVA",Entertainment,-34.87,Posted
2024-11-25,"Nyx","Nyx*877-494-3833 EVGO S  HUNT VALLEY  MD",Utilities,-28.12,Posted
2024-11-25,"Kid Med Short Pump","KID MED SHORT PUMP       804-4225347  VA",Doctor,-25.00,Posted
2024-11-25,"Surge Entertainment by Virginia Beacva","SURGE ENTERTAINMENT BY   VIRGINIA BEACVA",Entertainment,-19.25,Posted
2024-11-25,"United Airlines Inflight Purchase","UA INFLT    01644515030  HOUSTON      TX",Air Travel,-10.00,Posted
2024-11-25,"United Airlines Inflight Purchase","UA INFLT    01644515030  HOUSTON      TX",Air Travel,-10.00,Posted
2024-11-25,"United Airlines Inflight Purchase","UA INFLT    01644515030  HOUSTON      TX",Air Travel,-10.00,Posted
2024-11-25,"United Airlines Inflight Purchase","UA INFLT    01644515030  HOUSTON      TX",Air Travel,-10.00,Posted
2024-11-25,"United Airlines Inflight Purchase","UA INFLT    01644515030  HOUSTON      TX",Air Travel,-10.00,Posted
2024-11-25,"Walgreens","WALGREENS STORE 9268 CH  MECHANICSVILLVA",Pharmacy,-4.59,Posted
2024-11-25,"Surge Entertainment by Virginia Beacva","SURGE ENTERTAINMENT BY   VIRGINIA BEACVA",Entertainment,-3.30,Posted
2024-11-25,"Hurricane Simulator","HURRICANE SIMULATOR      TAMPA        FL",Fast Food,-3.20,Posted
2024-11-25,"Hurricane Simulator","HURRICANE SIMULATOR      TAMPA        FL",Fast Food,-3.20,Posted
2024-11-25,"Pokémon Go","GOOGLE *Pokemon          855-836-3987 CA",Electronics & Software,-2.99,Posted
2024-11-22,"CenterPoint Energy","CPENERGY ENTEX   ENT ACH EB ***********7098",Utilities,-25.84,Posted
2024-11-22,"Shell","SHELL OIL 57541840906    KATY         TX",Gas,-10.37,Posted
2024-11-21,"USAA Credit Card","USAA CREDIT CARD PAYMENT    ***********4284",Credit Card Payment,-122.00,Posted
2024-11-21,"USAA Credit Card","USAA CREDIT CARD PAYMENT    ***********2531",Credit Card Payment,-30.00,Posted
2024-11-21,"Bona Fitness and Wellne","BONA FITNESS AND WELLNE  713-977-2662 TX",Health & Fitness,-40.00,Posted
2024-11-21,"Amazon","AMAZON MKTPL*OY4P03H23   Amzn.com/billWA",Shopping,-16.99,Posted
2024-11-21,"Glaze Doughnuts","SQ *GLAZE DOUGHNUTS      Katy         TX",Fast Food,-13.73,Posted
2024-11-20,"Robinhood","ROBINHOOD        Funds      ***********7009",Transfer,-100.00,Posted
2024-11-20,"Med Memorial Hermann","MED*MEMORIAL HERMANN     713-338-5502 TX",Doctor,-50.00,Posted
2024-11-20,"Shell","SHELL OIL 57541840906    KATY         TX",Gas,-25.07,Posted
2024-11-20,"Amazon","AMAZON MKTPL*5Q9WO1AM3   Amzn.com/billWA",Shopping,-24.89,Posted
2024-11-20,"Checkout","CHECKOUT #74             KATY         TX",Gas,-24.69,Posted
2024-11-20,"H-E-B","H-E-B #797               KATY         TX",Groceries,-16.80,Posted
2024-11-20,"Humble Grounds Coff","TST*HUMBLE GROUNDS COFF  Katy         TX",Groceries,-14.11,Posted
2024-11-20,"Amazon","AMZN Digital*SR7JF5IV3   888-802-3080 WA",Entertainment,-1.99,Posted
2024-11-19,"Little Hands Lea","LITTLE HANDS LEA 2819615495 ***********3991",Babysitter & Daycare,-255.00,Posted
2024-11-19,"Greenlight","GREENLIGHT       APP        ***********IGHT",Allowance,-20.00,Posted
2024-11-19,"The Social Pub","TST* THE SOCIAL PUB AND  KATY         TX",Alcohol & Bars,-49.31,Posted
2024-11-19,"Amazon","AMAZON MKTPL*G07DZ62K3   Amzn.com/billWA",Shopping,-19.47,Posted
2024-11-19,"Amazon","AMAZON MKTPL*7Y71Z8BN3   Amzn.com/billWA",Shopping,-18.98,Posted
2024-11-19,"Glaze Doughnuts","SQ *GLAZE DOUGHNUTS      Katy         TX",Fast Food,-8.70,Posted
2024-11-18,"Interest Paid","INTEREST PAID",Interest Income,0.03,Posted
2024-11-18,"United Wholesale Mortgage","UWM MORTGAGE     UWM MORTGA ***********0049",Mortgage & Rent,-3117.00,Posted
2024-11-18,"Barclaycard","BARCLAYCARD US   CREDITCARD ***********6696",Credit Card Payment,-256.93,Posted
2024-11-18,"Fidium Fiber Cy","FIDIUM FIBER     BILLPAY    ***********CY P",Utilities,-86.45,Posted
2024-11-18,"Zelle Transfer to Itziar","Zelle: Itziar",Transfer,-240.00,Posted
2024-11-18,"Amazon","AMAZON MKTPL*4O50B87D3   Amzn.com/billWA",Shopping,-200.25,Posted
2024-11-18,"The Home Depot","THE HOME DEPOT #6107     KATY         TX",Home Improvement,-95.51,Posted
2024-11-18,"Pizza Hut via DoorDash","DD *DOORDASH PIZZAHUT    WWW.DOORDASH.CA",Food & Dining,-76.95,Posted
2024-11-18,"H-E-B","H-E-B #596               KATY         TX",Groceries,-73.70,Posted
2024-11-18,"Cap City Comedy Club","CAP CITY COMEDY CLUB     AUSTIN       TX",Restaurants,-69.31,Posted
2024-11-18,"Amazon","Amazon.com*OQ1ZY7NV3     Amzn.com/billWA",Shopping,-44.62,Posted
2024-11-18,"Shell","SHELL SERVICE STATION    RICHMOND     TX",Gas,-40.50,Posted
2024-11-18,"Buc-ee's","BUC-EE'S #               KATY         TX",Gas,-35.06,Posted
2024-11-18,"Starbucks","STARBUCKS 800-782-7282   800-782-7282 WA",Coffee Shops,-30.00,Posted
2024-11-18,"McDonald's","MCDONALD'S F13012        KATY         TX",Fast Food,-29.82,Posted
2024-11-18,"DoorDash","DD *DOORDASH CASTILLOS   WWW.DOORDASH.CA",Food & Dining,-28.93,Posted
2024-11-18,"Buc-ee's","BUC-EE'S #40             KATY         TX",Fast Food,-22.92,Posted
2024-11-18,"The Coffee Barr","SQ *THE COFFEE BARR      KATY         TX",Coffee Shops,-18.80,Posted
2024-11-18,"Shell","SHELL OIL 57541840906    KATY         TX",Gas,-17.25,Posted
2024-11-18,"Chevron","CHEVRON 0387710          KATY         TX",Gas,-15.64,Posted
2024-11-18,"Buc-ee's","BUC-EE'S #               BASTROP      TX",Fast Food,-13.78,Posted
2024-11-18,"Apple","APPLE.COM/BILL           866-712-7753 CA",Electronics & Software,-9.99,Posted
2024-11-18,"Star Stop","STAR STOP #71            COLUMBUS     TX",Gas,-9.81,Posted
2024-11-18,"Starbucks via DoorDash","DD *DOORDASH STARBUCKS   WWW.DOORDASH.CA",Food & Dining,-9.04,Posted
2024-11-18,"Hruskas","HRUSKAS                  ELLINGER     TX",Gas,-7.51,Posted
2024-11-15,"Pentagon Federal Transfer","PENTAGON FEDERAL TRNSFR DR  ***********4968",Transfer,-180.00,Posted
2024-11-15,"PayPal Purchase","PAYPAL           INST XFER  ***********LATE",Uncategorized,-76.87,Posted
2024-11-15,"Amazon","AMAZON MKTPL*ZA8J11I62   Amzn.com/billWA",Shopping,-101.55,Posted
2024-11-15,"Amazon","AMAZON MKTPL*LF9BU5ZK3   Amzn.com/billWA",Shopping,-31.17,Posted
2024-11-15,"GameStop","GAMESTOP #4649 5000 KAT  KATY         TX",Electronics & Software,-21.61,Posted
2024-11-15,"Amazon","AMAZON MKTPL*MJ3AU9703   Amzn.com/billWA",Shopping,-20.56,Posted
2024-11-15,"Glaze Doughnuts","SQ *GLAZE DOUGHNUTS      Katy         TX",Fast Food,-10.73,Posted
2024-11-15,"Amazon","AMAZON MKTPL*XL0TB78F3   Amzn.com/billWA",Shopping,-9.73,Posted
2024-11-14,"Capital One","CAPITAL ONE      TRANSFER   ***********B243",Transfer,-420.00,Posted
2024-11-14,"Citi Credit Card Payment","CITI AUTOPAY     PAYMENT    ***********0054",Credit Card Payment,-140.00,Posted
2024-11-14,"Firstmark","FIRSTMARK        PAYMENTS   ***********1304",Student Loan,-110.90,Posted
2024-11-14,"Katy Isd","RVT*Katy ISD     2813966000 ***********",Education,-50.00,Posted
2024-11-14,"Amazon","AMAZON MKTPL*N438Z72K3   Amzn.com/billWA",Shopping,-29.22,Posted
2024-11-14,"Amazon","AMAZON MKTPL*770BU6ZM3   Amzn.com/billWA",Shopping,-24.99,Posted
2024-11-14,"Adobe","Adobe Inc                800-8336687  CA",Electronics & Software,-22.99,Posted
2024-11-14,"Amazon","AMAZON MKTPL*3Q2EK8DL3   Amzn.com/billWA",Shopping,-20.77,Posted
2024-11-14,"Subway","SUBWAY HWY BLVD          KATY         TX",Fast Food,-20.00,Posted
2024-11-14,"PJ's Coffee","SQ *PJ'S COFFEE OF NEW   Katy         TX",Coffee Shops,-11.89,Posted
2024-11-14,"PJ's Coffee","SQ *PJ'S COFFEE OF NEW   Katy         TX",Coffee Shops,-8.04,Posted
2024-11-14,"H-E-B","H-E-B #797               KATY         TX",Groceries,-3.80,Posted
2024-11-14,"Alkami Tech Payroll","ALKAMI TECH      PAYROLL    ***********0993",Paycheck,5174.56,Posted
2024-11-13,"Capital One","CAPITAL ONE      TRANSFER   ***********DFB9",Transfer,-361.50,Posted
2024-11-13,"Little Hands Lea","LITTLE HANDS LEA 2819615495 ***********5151",Babysitter & Daycare,-255.00,Posted
2024-11-13,"Citi Credit Card Payment","CITI AUTOPAY     PAYMENT    ***********0053",Credit Card Payment,-237.50,Posted
2024-11-13,"Barclaycard","BARCLAYCARD US   CREDITCARD ***********8399",Credit Card Payment,-113.10,Posted
2024-11-13,"Little Caesars","LITTLE CAESARS 4642 Q67  KATY         TX",Fast Food,-17.29,Posted
2024-11-13,"Disney+","Roku for Disney Electro  816-2728107  DE",Television,-15.99,Posted
2024-11-13,"Amazon","Amazon.com*1G6DO3ZC3     Amzn.com/billWA",Shopping,-15.68,Posted
2024-11-13,"PJ's Coffee","SQ *PJ'S COFFEE OF NEW   Katy         TX",Coffee Shops,-10.66,Posted
2024-11-13,"Oakville Norton","OBSIDIAN.MD              OAKVILLE NORTON",Shopping,-10.10,Posted
2024-11-13,"Pokémon Go","GOOGLE *Pokemon          855-836-3987 CA",Electronics & Software,-9.99,Posted
2024-11-12,"Greenlight","GREENLIGHT       APP        ***********IGHT",Allowance,-10.00,Posted
2024-11-12,"Ikea","IKEA 465933674           888-434-4532 MD",Furnishings,-345.29,Posted
2024-11-12,"Brookshire Brothers","BROOKSHIRE BROTHERS #9   KATY         TX",Groceries,-92.92,Posted
2024-11-12,"Brookshire Brothers","BROOKSHIRE BROS #9       KATY         TX",Groceries,-72.34,Posted
2024-11-12,"Tulip Midwifery","TULIP MIDWIFERY LLC      281-221-3057 TX",Doctor,-50.00,Posted
2024-11-12,"Taco Bell","TACO BELL 041143         CYPRESS      TX",Fast Food,-29.18,Posted
2024-11-12,"Amazon","AMAZON MKTPL*6Y1BV8EM3   Amzn.com/billWA",Shopping,-27.76,Posted
2024-11-12,"TikTok Shop","TikTok Shop TikTok Shop  Mountain ViewCA",Shopping,-21.42,Posted
2024-11-12,"Starbucks","STARBUCKS 800-782-7282   800-782-7282 WA",Coffee Shops,-20.00,Posted
2024-11-12,"Chevron","CHEVRON 0387710          KATY         TX",Gas,-19.09,Posted
2024-11-12,"Amazon","Amazon.com*648YZ0H33     Amzn.com/billWA",Shopping,-16.23,Posted
2024-11-12,"Apple","APPLE.COM/BILL           866-712-7753 CA",Electronics & Software,-9.99,Posted
2024-11-12,"Ott Dropout Dropca","OTT* DROPOUT             HTTPSWWW.DROPCA",Utilities,-5.99,Posted
2024-11-08,"PayPal Purchase","PAYPAL           INST XFER  ***********LATE",Uncategorized,-76.87,Posted
2024-11-08,"Amazon","AMAZON MKTPL*AF4YQ5B43   Amzn.com/billWA",Shopping,-69.68,Posted
2024-11-08,"Midway Bbq","TST* MIDWAY BBQ          KATY         TX",Restaurants,-50.12,Posted
2024-11-08,"Amazon","AMAZON MKTPL*O43TG8F23   Amzn.com/billWA",Shopping,-29.22,Posted
2024-11-07,"BENEFEDS Dental and Vision","FEDVIP-BENEFEDS  FEDVIPPREM ***********4V01",Health & Fitness,-11.98,Posted
2024-11-07,"DoorDash","DD *DOORDASH ROYALBIRY   WWW.DOORDASH.CA",Food & Dining,-84.10,Posted
2024-11-07,"Shell","SHELL OIL 57541840906    KATY         TX",Gas,-42.57,Posted
2024-11-07,"Snappys Cafe & Gril","TST*SNAPPYS CAFE & GRIL  Katy         TX",Food & Dining,-40.94,Posted
2024-11-07,"TikTok Shop","TikTok Shop TikTok Shop  Mountain ViewCA",Shopping,-37.98,Posted
2024-11-07,"Sonic","SONIC DRIVE IN #1140     KATY         TX",Fast Food,-21.21,Posted
2024-11-07,"Amazon","AMAZON MKTPL*X03L579N3   Amzn.com/billWA",Shopping,-16.95,Posted
2024-11-07,"The Coffee Barr","SQ *THE COFFEE BARR      KATY         TX",Coffee Shops,-13.39,Posted
2024-11-07,"Wendy's via DoorDash","DD *DOORDASH WENDYS      WWW.DOORDASH.CA",Food & Dining,-9.53,Posted
2024-11-06,"McDonald's","MCDONALD'S F13012        KATY         TX",Fast Food,-31.45,Posted
2024-11-06,"Peacock TV","Roku for Peacock TV LLC  816-2728107  DE",Television,-7.99,Posted
2024-11-06,"Apple","APPLE.COM/BILL           866-712-7753 CA",Electronics & Software,-2.99,Posted
2024-11-05,"Little Hands Lea","LITTLE HANDS LEA 2819615495 ***********4974",Babysitter & Daycare,-255.00,Posted
2024-11-05,"TD Bank","TD BANK          PAYMENT    ***********RILL",Transfer,-70.82,Posted
2024-11-05,"Brookshire Brothers","BROOKSHIRE BROTHERS #9   KATY         TX",Groceries,-59.84,Posted
2024-11-05,"PJ's Coffee","SQ *PJ'S COFFEE OF NEW   Katy         TX",Coffee Shops,-14.19,Posted
2024-11-05,"H-E-B","H-E-B #797               KATY         TX",Groceries,-3.47,Posted
2024-11-04,"The Home Depot","HOME DEPOT       AUTO PYMT  ***********0926",Home Improvement,-200.00,Posted
2024-11-04,"Waller County Mu","WALLER COUNTY MU FBS MDS WA ***********",Gas,-118.45,Posted
2024-11-04,"Greenlight","GREENLIGHT       APP        ***********IGHT",Allowance,-20.00,Posted
2024-11-04,"Zelle Transfer to Marlon","Zelle: Marlon",Transfer,-65.00,Posted
2024-11-04,"Little Caesars","LITTLE CAESARS 4642 Q67  KATY         TX",Fast Food,-37.54,Posted
2024-11-04,"Amazon","AMAZON MKTPL*ZK8D69VO3   Amzn.com/billWA",Shopping,-32.42,Posted
2024-11-04,"Roku","The Roku Channel         816-2728107  DE",Television,-12.99,Posted
2024-11-04,"Apple","APPLE.COM/BILL           866-712-7753 CA",Electronics & Software,-9.99,Posted
2024-11-04,"PJ's Coffee","SQ *PJ'S COFFEE OF NEW   Katy         TX",Coffee Shops,-8.04,Posted
2024-11-04,"Patreon","Patreon* Membership      Internet     CA",Entertainment,-7.00,Posted
2024-11-04,"Education Benefits for Veterans","VAED TREAS 310   XXVA EDUC  ***********3600",Income,1304.92,Posted
2024-11-04,"Education Benefits for Veterans","VAED TREAS 310   XXVA EDUC  ***********3600",Income,1118.50,Posted
2024-11-04,"Education Benefits for Veterans","VAED TREAS 310   XXVA EDUC  ***********3600",Income,250.00,Posted
2024-11-01,"PayPal Purchase","PAYPAL           INST XFER  ***********LATE",Uncategorized,-70.28,Posted
2024-11-01,"Katy Isd","RVT*Katy ISD     2813966000 ***********",Education,-50.00,Posted
2024-11-01,"Google Pokemon Pok","GOOGLE *jp pokemon pok   855-836-3987 CA",Shopping,-22.99,Posted
2024-11-01,"Glaze Doughnuts","SQ *GLAZE DOUGHNUTS      Katy         TX",Fast Food,-19.45,Posted
2024-11-01,"Amazon","AMAZON MKTPL*G535W3F23   Amzn.com/billWA",Shopping,-18.97,Posted
2024-11-01,"Glaze Doughnuts","SQ *GLAZE DOUGHNUTS      Katy         TX",Fast Food,-10.19,Posted
2024-11-01,"Apple","APPLE.COM/BILL           866-712-7753 CA",Electronics & Software,-9.99,Posted
2024-10-31,"Hyundai Motor Finance","HMF              HMFUSA.com ***********5062",Auto Payment,-869.76,Posted
2024-10-31,"Greenlight","GREENLIGHT       APP        ***********IGHT",Allowance,-45.00,Posted
2024-10-31,"Greenlight","GREENLIGHT       APP        ***********IGHT",Allowance,-40.00,Posted
2024-10-31,"Greenlight","GREENLIGHT       APP        ***********IGHT",Allowance,-20.00,Posted
2024-10-31,"Scholastic","Scholastic Education     573-632-1834 MO",Books,-30.00,Posted
2024-10-31,"Scholastic","Scholastic Education     573-632-1834 MO",Books,-30.00,Posted
2024-10-31,"Pinwheel.com","PINWHEEL KID PHONE       PINWHEEL.COM TX",Bills & Utilities,-14.99,Posted
2024-10-31,"Google Pokemon Pok","GOOGLE *jp pokemon pok   855-836-3987 CA",Shopping,-2.99,Posted
2024-10-31,"Google Pokemon Pok","GOOGLE *jp pokemon pok   855-836-3987 CA",Shopping,-0.99,Posted
2024-10-30,"Gexa Energy Electric","GEXA ENERGY      ELECTRIC   ***********9305",Utilities,-420.11,Posted
2024-10-30,"H-E-B","H-E-B #797               KATY         TX",Groceries,-151.21,Posted
2024-10-30,"Amazon","AMAZON MKTPL*F66M516R3   Amzn.com/billWA",Shopping,-85.16,Posted
2024-10-30,"H-E-B","H-E-B #797               KATY         TX",Groceries,-16.00,Posted
2024-10-30,"Google Pokemon Pok","GOOGLE *jp pokemon pok   855-836-3987 CA",Shopping,-9.99,Posted
2024-10-30,"PJ's Coffee","SQ *PJ'S COFFEE OF NEW   Katy         TX",Coffee Shops,-8.04,Posted
2024-10-30,"Amazon","Amazon.com               Amzn.com/billWA",Shopping,6.49,Posted
2024-10-30,"Alkami Tech Payroll","ALKAMI TECH      PAYROLL    ***********0993",Paycheck,5174.54,Posted
2024-10-29,"Capital One","CAPITAL ONE      TRANSFER   ***********CDA3",Transfer,-420.00,Posted
2024-10-29,"Little Hands Lea","LITTLE HANDS LEA 2819615495 ***********4301",Babysitter & Daycare,-255.00,Posted
2024-10-29,"PayPal Purchase","PAYPAL           INST XFER  ***********.COM",Uncategorized,-22.99,Posted
2024-10-29,"Katy Isd","RVT*Katy ISD     2813966000 ***********",Education,-3.00,Posted
2024-10-29,"Amazon","AMAZON MKTPL*UV8VX2ID3   Amzn.com/billWA",Shopping,-60.24,Posted
2024-10-29,"Amazon","Amazon.com*6H94A8OL3     Amzn.com/billWA",Shopping,-43.84,Posted
2024-10-28,"Greenlight","GREENLIGHT       APP        ***********IGHT",Allowance,-9.18,Posted
2024-10-28,"Wizards of Coast Inc Httpscompany Wa","WIZARDS OF COAST  INC    HTTPSCOMPANY.WA",Shopping,-59.53,Posted
2024-10-28,"Blink","Blink                    amzn.com/billWA",Home Services,-30.00,Posted
2024-10-28,"YouTube Premium","GOOGLE *YouTubePremium   g.co/helppay#CA",Entertainment,-22.99,Posted
2024-10-28,"Crunchyroll","CRUNCHYROLL *TRIAL       415-503-9235 CA",Movies & Dvds,-8.62,Posted
2024-10-25,"PayPal Purchase","PAYPAL           INST XFER  ***********LATE",Uncategorized,-70.28,Posted
2024-10-25,"Pizzafinooldkaty via Slice","SLICE*PIZZAFINOOLDKATY   SLICELIFE.COMNY",Food & Dining,-27.49,Posted
2024-10-25,"Walgreens","WALGREENS STORE 5161 FR  KATY         TX",Pharmacy,-25.95,Posted
2024-10-25,"Wire in","WIRE IN",Transfer,700.00,Posted
2024-10-24,"Pokémon Go","GOOGLE *Pokemon          855-836-3987 CA",Electronics & Software,-2.99,Posted
2024-10-24,"Monument Pathologists I Oak","MONUMENT PATHOLOGISTS I  OAK BROOK    IL",Doctor,19.02,Posted
2024-10-24,"USAA Transfer","USAA FUNDS TRANSFER CR",Transfer,361.50,Posted
2024-10-23,"Google Bloons","GOOGLE *Bloons TD 6      855-836-3987 CA",Electronics & Software,-8.99,Posted
2024-10-23,"PJ's Coffee","SQ *PJ'S COFFEE OF NEW   Katy         TX",Coffee Shops,-8.04,Posted
2024-10-22,"Little Hands Lea","LITTLE HANDS LEA 2819615495 ***********7477",Babysitter & Daycare,-255.00,Posted
2024-10-22,"Robinhood","ROBINHOOD        Funds      ***********7009",Transfer,-100.00,Posted
2024-10-22,"CenterPoint Energy","CPENERGY ENTEX   ENT ACH EB ***********7098",Utilities,-25.06,Posted
2024-10-22,"Amazon","AMAZON MKTPL*A28293ME3   Amzn.com/billWA",Shopping,-52.33,Posted
2024-10-21,"USAA Credit Card","USAA CREDIT CARD PAYMENT    ***********4284",Credit Card Payment,-123.00,Posted
2024-10-21,"Katy Isd","RVT*Katy ISD     2813966000 ***********",Education,-50.00,Posted
2024-10-21,"USAA Credit Card","USAA CREDIT CARD PAYMENT    ***********2531",Credit Card Payment,-15.00,Posted
2024-10-21,"The Cheesecake Factory","CHEESECAKE KATY          KATY         TX",Restaurants,-69.50,Posted
2024-10-21,"Jlaser Httpsjlaser Sca","SP JLASER                HTTPSJLASER.SCA",Shopping,-51.85,Posted
2024-10-21,"ExxonMobil","EXXON CHECKOUT #74       KATY         TX",Gas,-41.78,Posted
2024-10-21,"Bona Fitness and Wellne","BONA FITNESS AND WELLNE  713-977-2662 TX",Health & Fitness,-40.00,Posted
2024-10-21,"Taco Bell","TACO BELL 041143         CYPRESS      TX",Fast Food,-36.44,Posted
2024-10-21,"Checkout","CHECKOUT #74             KATY         TX",Gas,-17.83,Posted
2024-10-21,"ExxonMobil","EXXON CHECKOUT #74       KATY         TX",Gas,-14.00,Posted
2024-10-21,"PJ's Coffee","SQ *PJ'S COFFEE OF NEW   Katy         TX",Coffee Shops,-10.66,Posted
2024-10-21,"Glaze Doughnuts","SQ *GLAZE DOUGHNUTS      Katy         TX",Fast Food,-8.63,Posted
2024-10-21,"PJ's Coffee","SQ *PJ'S COFFEE OF NEW   Katy         TX",Coffee Shops,-8.04,Posted
2024-10-21,"Amazon","AMZN Digital*F93PP27Y3   888-802-3080 WA",Entertainment,-1.99,Posted
2024-10-18,"Interest Paid","INTEREST PAID",Interest Income,0.01,Posted
2024-10-18,"PayPal Purchase","PAYPAL           INST XFER  ***********LATE",Uncategorized,-70.28,Posted
2024-10-18,"Amazon","AMAZON MKTPL*W19JL0LP3   Amzn.com/billWA",Shopping,-53.22,Posted
2024-10-18,"Zelle Transfer to Marlon","Zelle: Marlon",Transfer,-20.00,Posted
2024-10-17,"Fidium Fiber Cy","FIDIUM FIBER     BILLPAY    ***********CY P",Utilities,-86.45,Posted
2024-10-17,"Chick-fil-A","CHICK-FIL-A #05160       KATY         TX",Fast Food,-53.09,Posted
2024-10-17,"PJ's Coffee","SQ *PJ'S COFFEE OF NEW   Katy         TX",Coffee Shops,-10.34,Posted
2024-10-16,"United Wholesale Mortgage","UWM MORTGAGE     UWM MORTGA ***********3002",Mortgage & Rent,-3117.00,Posted
2024-10-16,"Capital One","CAPITAL ONE      TRANSFER   ***********1C86",Transfer,-420.00,Posted
2024-10-16,"Little Hands Lea","LITTLE HANDS LEA 2819615495 ***********0509",Babysitter & Daycare,-255.00,Posted
2024-10-16,"Pentagon Federal Transfer","PENTAGON FEDERAL TRNSFR DR  ***********4968",Transfer,-180.00,Posted
2024-10-16,"Brookshire Brothers","BROOKSHIRE BROTHERS #9   KATY         TX",Groceries,-166.71,Posted
2024-10-16,"H-E-B","H-E-B #797               KATY         TX",Groceries,-38.83,Posted
2024-10-16,"H-E-B","H-E-B #797               KATY         TX",Groceries,-17.53,Posted
2024-10-16,"Chevron","CHEVRON 0387710          KATY         TX",Gas,-12.38,Posted
2024-10-16,"PJ's Coffee","SQ *PJ'S COFFEE OF NEW   Katy         TX",Coffee Shops,-12.02,Posted
2024-10-16,"PJ's Coffee","SQ *PJ'S COFFEE OF NEW   Katy         TX",Coffee Shops,-9.85,Posted
2024-10-16,"Los Angeles Airport","LOS ANGELES AIRPORT      LOS ANGELES  CA",Fast Food,-7.61,Posted
2024-10-15,"Barclaycard","BARCLAYCARD US   CREDITCARD ***********0030",Credit Card Payment,-118.59,Posted
2024-10-15,"Firstmark","FIRSTMARK        PAYMENTS   ***********1304",Student Loan,-112.68,Posted
2024-10-15,"Mint Mobile","MINT MOBILE              800-683-7392 CA",Mobile Phone,-98.05,Posted
2024-10-15,"Hausofpizza via Slice","SLICE*HAUSOFPIZZA        SLICELIFE.COMNY",Food & Dining,-81.59,Posted
2024-10-15,"Nintendo","Nintendo CD1284677359    800-2553700  WA",Electronics & Software,-79.99,Posted
2024-10-15,"Xbox Game Pass Ultimate","Microsoft*Ultimate 3 Mo  425-6816830  WA",Electronics & Software,-59.99,Posted
2024-10-15,"I Love La Terminal","I LOVE LA TERMINAL 5     GARDENA      CA",Shopping,-55.29,Posted
2024-10-15,"Fuelrod Del","FUELROD                  DEL MAR      CA",Gas,-40.95,Posted
2024-10-15,"Adobe","Adobe Inc                800-8336687  CA",Electronics & Software,-22.99,Posted
2024-10-15,"Souvenir Coin Vending","SOUVENIR COIN VENDING    ANAHEIM      CA",Fast Food,-20.00,Posted
2024-10-15,"Souvenir Coin Vending","SOUVENIR COIN VENDING    ANAHEIM      CA",Fast Food,-20.00,Posted
2024-10-15,"Souvenir Coin Vending","SOUVENIR COIN VENDING    ANAHEIM      CA",Fast Food,-20.00,Posted
2024-10-15,"Disney+","Roku for Disney Electro  816-2728107  DE",Television,-14.99,Posted
2024-10-15,"Cookie Num","DLR COOKIE NUM NUM       ANAHEIM      CA",Food & Dining,-11.50,Posted
2024-10-15,"Oakville Norton","OBSIDIAN.MD              OAKVILLE NORTON",Shopping,-10.10,Posted
2024-10-15,"Disney+","Roku for Disney Electro  816-2728107  DE",Television,-8.93,Posted
2024-10-15,"Ott Dropout Dropca","OTT* DROPOUT             HTTPSWWW.DROPCA",Utilities,-5.99,Posted
2024-10-15,"Nayax","Nyx*NAYAX FOOD-VEND      HUNT VALLEY  MD",Fast Food,-4.00,Posted
2024-10-15,"Nayax","Nyx*NAYAX FOOD-VEND      HUNT VALLEY  MD",Fast Food,-4.00,Posted
2024-10-15,"Alkami Tech Payroll","ALKAMI TECH      PAYROLL    ***********0993",Paycheck,5174.56,Posted
2024-10-11,"Discover Credit Card","DISCOVER         E-PAYMENT  ***********7867",Credit Card Payment,-100.72,Posted
2024-10-11,"Frontier Airlines","FRONTIER AIRLINES ONBOA  IRVING       TX",Air Travel,-7.99,Posted
2024-10-10,"McDonald's","MCDONALD'S F13012        KATY         TX",Fast Food,-31.45,Posted
2024-10-10,"McDonald's","MCDONALD'S F35857        RICHMOND     TX",Fast Food,-6.37,Posted
2024-10-10,"Shell","SHELL OIL 42535220250    RICHMOND     TX",Gas,-2.91,Posted
2024-10-09,"Checkout","CHECKOUT #74             KATY         TX",Gas,-4.58,Posted
2024-10-09,"USAA Transfer","USAA FUNDS TRANSFER CR",Transfer,361.50,Posted
2024-10-08,"Little Hands Lea","LITTLE HANDS LEA 2819615495 ***********1356",Babysitter & Daycare,-255.00,Posted
2024-10-08,"Brookshire Brothers","BROOKSHIRE BROTHERS #9   KATY         TX",Groceries,-43.29,Posted
2024-10-08,"Pitstop Express","PITSTOP EXPRESS #28      KATY         TX",Gas,-42.96,Posted
2024-10-08,"Pdpoftexaspllc","PHR*PDPofTexasPLLC       Katy         TX",Doctor,-31.00,Posted
2024-10-08,"Brookshire Brothers","BROOKSHIRE BROTHERS #9   KATY         TX",Groceries,-30.20,Posted
2024-10-08,"Pharmacy Nimbca","PSC PHARMACY             HTTPSWWW.NIMBCA",Pharmacy,-16.00,Posted
2024-10-08,"Apple","APPLE.COM/BILL           866-712-7753 CA",Electronics & Software,-14.99,Posted
2024-10-08,"PJ's Coffee","SQ *PJ'S COFFEE OF NEW   Katy         TX",Coffee Shops,-12.02,Posted
2024-10-08,"McDonald's","MCDONALD'S F13012        KATY         TX",Fast Food,-11.33,Posted
2024-10-08,"PJ's Coffee","SQ *PJ'S COFFEE OF NEW   Katy         TX",Coffee Shops,-5.28,Posted
2024-10-08,"Disney","Roku for Disney Electro  816-2728107  DE",Entertainment,-1.17,Posted
2024-10-07,"BENEFEDS Dental and Vision","FEDVIP-BENEFEDS  FEDVIPPREM ***********4V01",Health & Fitness,-11.98,Posted
2024-10-07,"H-E-B","H-E-B #797               KATY         TX",Groceries,-136.24,Posted
2024-10-07,"Black Bear Diner","TST* BLACK BEAR DINER -  KATY         TX",Restaurants,-32.02,Posted
2024-10-07,"McDonald's","MCDONALD'S F13012        KATY         TX",Fast Food,-31.45,Posted
2024-10-07,"Starbucks","STARBUCKS 800-782-7282   800-782-7282 WA",Coffee Shops,-20.00,Posted
2024-10-07,"PJ's Coffee","SQ *PJ'S COFFEE OF NEW   Katy         TX",Coffee Shops,-9.80,Posted
2024-10-07,"Peacock TV","Roku for Peacock TV LLC  816-2728107  DE",Television,-7.99,Posted
2024-10-07,"Kroger","KROGER #733              KATY         TX",Groceries,-4.05,Posted
2024-10-07,"Apple","APPLE.COM/BILL           866-712-7753 CA",Electronics & Software,-2.99,Posted
2024-10-07,"H-E-B","H-E-B #797               KATY         TX",Groceries,-1.48,Posted
2024-10-04,"TD Bank","TD BANK          PAYMENT    ***********RILL",Transfer,-86.40,Posted
2024-10-04,"PayPal Purchase","PAYPAL           INST XFER  ***********LATE",Uncategorized,-70.28,Posted
2024-10-04,"The Home Depot","THE HOME DEPOT #6107     KATY         TX",Home Improvement,-20.55,Posted
2024-10-04,"Little Caesars","LITTLE CAESARS 4642 Q67  KATY         TX",Fast Food,-20.54,Posted
2024-10-04,"McDonald's","MCDONALD'S F13012        KATY         TX",Fast Food,-14.03,Posted
2024-10-04,"Little Caesars","LITTLE CAESARS 4642 Q67  KATY         TX",Fast Food,-4.32,Posted
2024-10-03,"The Home Depot","HOME DEPOT       AUTO PYMT  ***********0109",Home Improvement,-200.00,Posted
2024-10-03,"Amazon","Amazon.com*PH4XK76M3     Amzn.com/billWA",Shopping,-113.11,Posted
2024-10-03,"Zelle Transfer to Marlon","Zelle: Marlon",Transfer,-40.00,Posted
2024-10-02,"Greenlight","GREENLIGHT       APP        ***********IGHT",Allowance,-20.00,Posted
2024-10-02,"Subway","Subway 15189             Katy         TX",Fast Food,-24.72,Posted
2024-10-02,"Amazon","AMAZON MKTPL*VQ9M82AU3   Amzn.com/billWA",Shopping,-21.52,Posted
2024-10-02,"Roku","The Roku Channel         816-2728107  DE",Television,-12.99,Posted
2024-10-02,"PJ's Coffee","SQ *PJ'S COFFEE OF NEW   Katy         TX",Coffee Shops,-10.66,Posted
2024-10-02,"Apple","APPLE.COM/BILL           866-712-7753 CA",Electronics & Software,-9.99,Posted
2024-10-02,"PJ's Coffee","SQ *PJ'S COFFEE OF NEW   Katy         TX",Coffee Shops,-8.04,Posted
2024-10-02,"Amazon","AMAZON MKTPL*ZB8SJ1XR1   Amzn.com/billWA",Shopping,-7.56,Posted
2024-10-02,"McDonald's","MCDONALD'S F13012        KATY         TX",Fast Food,-6.69,Posted
2024-10-01,"Hyundai Motor Finance","HMF              HMFUSA.com ***********5062",Auto Payment,-869.76,Posted
2024-10-01,"Little Hands Lea","LITTLE HANDS LEA 2819615495 ***********3413",Babysitter & Daycare,-255.00,Posted
2024-10-01,"CenterPoint Energy","CPENERGY ENTEX   ENT ACH EB ***********7098",Utilities,-26.56,Posted
2024-10-01,"Discover Credit Card","DISCOVER         E-PAYMENT  ***********7867",Credit Card Payment,-15.85,Posted
2024-10-01,"Oldtownanimal.com","OLDTOWNANIMAL.COM        281-3928387  TX",Pets,-66.00,Posted
2024-10-01,"Amazon","Amazon.com*VS7T87GM3     Amzn.com/billWA",Shopping,-45.22,Posted
2024-10-01,"Amazon","AMAZON MKTPL*211LR2KA3   Amzn.com/billWA",Shopping,-33.96,Posted
2024-10-01,"Shell","SHELL OIL 42535220250    RICHMOND     TX",Gas,-9.06,Posted
2024-10-01,"Amazon","Amazon.com*Y07N43R13     Amzn.com/billWA",Shopping,-8.74,Posted
2024-10-01,"Patreon","Patreon* Membership      Internet     CA",Entertainment,-7.00,Posted
2024-09-30,"USAA Insurance Payment","USAA INSURANCE PAYMENT",Financial,-541.30,Posted
2024-09-30,"Gexa Energy Electric","GEXA ENERGY      ELECTRIC   ***********5898",Utilities,-463.17,Posted
2024-09-30,"Capital One","CAPITAL ONE      TRANSFER   ***********D001",Transfer,-420.00,Posted
2024-09-30,"PayPal Purchase","PAYPAL           INST XFER  ***********.COM",Uncategorized,-22.99,Posted
2024-09-30,"T Jin China Diner","T JIN CHINA DINER        KATY         TX",Restaurants,-67.68,Posted
2024-09-30,"Brookshire Brothers","BROOKSHIRE BROTHERS #9   KATY         TX",Groceries,-50.59,Posted
2024-09-30,"Amazon","Amazon.com*PZ2Q12J53     Amzn.com/billWA",Shopping,-38.60,Posted
2024-09-30,"Shell","SHELL SERVICE STATION    RICHMOND     TX",Gas,-36.28,Posted
2024-09-30,"Amazon","Amazon.com*IA1CN0NH3     Amzn.com/billWA",Shopping,-32.57,Posted
2024-09-30,"YouTube Premium","GOOGLE *YouTubePremium   g.co/helppay#CA",Entertainment,-22.99,Posted
2024-09-30,"Chick-fil-A","CHICK-FIL-A #05160       KATY         TX",Fast Food,-21.82,Posted
2024-09-30,"Starbucks","STARBUCKS 800-782-7282   800-782-7282 WA",Coffee Shops,-20.00,Posted
2024-09-30,"Michaels","MICHAELS S               KATY         TX",Shopping,-18.09,Posted
2024-09-30,"Pinwheel.com","PINWHEEL KID PHONE       PINWHEEL.COM TX",Bills & Utilities,-14.99,Posted
2024-09-30,"Mugz Coffee Bar","TST* MUGZ COFFEE BAR     RICHMOND     TX",Coffee Shops,-11.86,Posted
2024-09-27,"PayPal Purchase","PAYPAL           INST XFER  ***********LATE",Uncategorized,-70.28,Posted
2024-09-27,"McDonald's","MCDONALD'S F13012        KATY         TX",Fast Food,-12.97,Posted
2024-09-27,"Alkami Tech Payroll","ALKAMI TECH      PAYROLL    ***********0993",Paycheck,5174.55,Posted
2024-09-26,"Greenlight","GREENLIGHT       APP        ***********IGHT",Allowance,-12.43,Posted
2024-09-25,"Katy Isd","RVT*Katy ISD     2813966000 ***********",Education,-50.00,Posted
2024-09-24,"Little Hands Lea","LITTLE HANDS LEA 2819615495 ***********1921",Babysitter & Daycare,-255.00,Posted
2024-09-24,"Amazon","AMAZON MKTPL*WW5UV7BM3   Amzn.com/billWA",Shopping,-14.53,Posted
2024-09-24,"Pokémon Go","GOOGLE *Pokemon          g.co/helppay#CA",Electronics & Software,-2.99,Posted
2024-09-24,"USAA Transfer","USAA FUNDS TRANSFER CR",Transfer,361.50,Posted
2024-09-23,"PAYPAL           INST XFER  ***********RECT","PAYPAL           INST XFER  ***********RECT",Category Pending,-239.00,Posted
2024-09-23,"USAA CREDIT CARD PAYMENT    ***********4284","USAA CREDIT CARD PAYMENT    ***********4284",Category Pending,-123.00,Posted
2024-09-23,"Zelle Transfer to Itziar","Zelle: Itziar",Transfer,-100.00,Posted
2024-09-23,"ME-KATY-ECOMM            281-394-4800 TX","ME-KATY-ECOMM            281-394-4800 TX",Category Pending,-63.97,Posted
2024-09-23,"Burger","TST*TMG BURGER           Katy         TX",Food & Dining,-60.42,Posted
2024-09-23,"CHEVRON 0387708          KATY         TX","CHEVRON 0387708          KATY         TX",Category Pending,-44.49,Posted
2024-09-23,"Bona Fitness and Wellne","BONA FITNESS AND WELLNE  713-977-2662 TX",Health & Fitness,-40.00,Posted
2024-09-23,"McDonald's","MCDONALD'S F13012        KATY         TX",Fast Food,-13.40,Posted
2024-09-23,"Amazon","AMAZON MKTPL*BE9FJ4FP3   Amzn.com/billWA",Shopping,-6.47,Posted
2024-09-23,"TARGET DEBIT CRD ACH TRAN   ***********2882","TARGET DEBIT CRD ACH TRAN   ***********2882",Category Pending,28.79,Posted
2024-09-20,"PAYPAL           INST XFER  ***********LATE","PAYPAL           INST XFER  ***********LATE",Category Pending,-70.28,Posted
2024-09-20,"SQ *GLAZE DOUGHNUTS      Katy         TX","SQ *GLAZE DOUGHNUTS      Katy         TX",Category Pending,-21.15,Posted
2024-09-20,"MCDONALD'S F13012        KATY         TX","MCDONALD'S F13012        KATY         TX",Category Pending,-11.55,Posted
2024-09-20,"AMZN Digital*1X1VO4TH3   888-802-3080 WA","AMZN Digital*1X1VO4TH3   888-802-3080 WA",Category Pending,-1.99,Posted
2024-09-19,"CHUCK E CHEESE 598       KATY         TX","CHUCK E CHEESE 598       KATY         TX",Category Pending,-72.40,Posted
2024-09-18,"INTEREST PAID","INTEREST PAID",Category Pending,0.02,Posted
2024-09-18,"MCDONALD'S F13012        KATY         TX","MCDONALD'S F13012        KATY         TX",Category Pending,-27.87,Posted
2024-09-18,"Amazon.com*WR3WC23T3     Amzn.com/billWA","Amazon.com*WR3WC23T3     Amzn.com/billWA",Category Pending,-12.30,Posted
2024-09-18,"AMAZON MKTPL*Z318P1J03   Amzn.com/billWA","AMAZON MKTPL*Z318P1J03   Amzn.com/billWA",Category Pending,-6.47,Posted
2024-09-18,"AMAZON MKTPL*4S2X01OQ3   Amzn.com/billWA","AMAZON MKTPL*4S2X01OQ3   Amzn.com/billWA",Category Pending,-6.47,Posted
2024-09-17,"LITTLE HANDS LEA 2819615495 ***********8719","LITTLE HANDS LEA 2819615495 ***********8719",Category Pending,-255.00,Posted
2024-09-17,"PENTAGON FEDERAL TRNSFR DR  ***********4968","PENTAGON FEDERAL TRNSFR DR  ***********4968",Category Pending,-180.00,Posted
2024-09-17,"FIDIUM FIBER     BILLPAY    ***********CY P","FIDIUM FIBER     BILLPAY    ***********CY P",Category Pending,-86.45,Posted
2024-09-17,"PAYPAL           INST XFER  ***********RECT","PAYPAL           INST XFER  ***********RECT",Category Pending,-56.60,Posted
2024-09-17,"H-E-B #797               KATY         TX","H-E-B #797               KATY         TX",Category Pending,-33.53,Posted
2024-09-17,"CHIPOTLE 2970            KATY         TX","CHIPOTLE 2970            KATY         TX",Category Pending,-30.53,Posted
2024-09-17,"SQ *PJ'S COFFEE OF NEW   Katy         TX","SQ *PJ'S COFFEE OF NEW   Katy         TX",Category Pending,-13.97,Posted
2024-09-17,"WIRE IN","WIRE IN",Category Pending,1500.00,Posted
2024-09-16,"UWM MORTGAGE     UWM MORTGA ***********9283","UWM MORTGAGE     UWM MORTGA ***********9283",Category Pending,-3117.00,Posted
2024-09-16,"CAPITAL ONE      TRANSFER   ***********3DBD","CAPITAL ONE      TRANSFER   ***********3DBD",Category Pending,-420.00,Posted
2024-09-16,"Citi Credit Card Payment","CITI AUTOPAY     PAYMENT    ***********6517",Credit Card Payment,-300.00,Posted
2024-09-16,"Barclaycard","BARCLAYCARD US   CREDITCARD ***********2419",Credit Card Payment,-143.42,Posted
2024-09-16,"Firstmark","FIRSTMARK        PAYMENTS   ***********1304",Student Loan,-112.68,Posted
2024-09-16,"Katy Isd","RVT*Katy ISD     2813966000 ***********",Education,-50.00,Posted
2024-09-16,"Greenlight","GREENLIGHT       APP        ***********IGHT",Allowance,-10.00,Posted
2024-09-16,"USAA Credit Card","USAA CREDIT CARD PAYMENT",Credit Card Payment,-1231.77,Posted
2024-09-16,"H-E-B","H-E-B ONLINE #108        855-803-0611 TX",Groceries,-183.64,Posted
2024-09-16,"H-E-B","H-E-B #797               KATY         TX",Groceries,-68.28,Posted
2024-09-16,"Amazon","AMAZON MKTPL*IF2PT67F3   Amzn.com/billWA",Shopping,-54.02,Posted
2024-09-16,"The Pizza Shoppe","THE PIZZA SHOPPE         KATY         TX",Food & Dining,-50.43,Posted
2024-09-16,"H-E-B","H-E-B #797               KATY         TX",Groceries,-50.01,Posted
2024-09-16,"Glaze Doughnuts","SQ *GLAZE DOUGHNUTS      Katy         TX",Fast Food,-32.95,Posted
2024-09-16,"Amazon","AMAZON MKTPL*6F68Q8AR3   Amzn.com/billWA",Shopping,-28.98,Posted
2024-09-16,"Adobe","Adobe Inc                800-8336687  CA",Electronics & Software,-22.99,Posted
2024-09-16,"H-E-B","H-E-B #797               KATY         TX",Groceries,-21.52,Posted
2024-09-16,"McDonald's","MCDONALD'S F13012        KATY         TX",Fast Food,-11.13,Posted
2024-09-16,"McDonald's","MCDONALD'S F13012        KATY         TX",Fast Food,-10.82,Posted
2024-09-16,"PJ's Coffee","SQ *PJ'S COFFEE OF NEW   Katy         TX",Coffee Shops,-9.04,Posted
2024-09-16,"Amazon","AMAZON MKTPL*Y614U4RG3   Amzn.com/billWA",Shopping,-8.65,Posted
2024-09-16,"Amazon","AMAZON MKTPL*SJ26X6S53   Amzn.com/billWA",Shopping,-6.47,Posted
2024-09-13,"Barclaycard","BARCLAYCARD US   CREDITCARD ***********8999",Credit Card Payment,-119.14,Posted
2024-09-13,"PayPal Purchase","PAYPAL           INST XFER  ***********LATE",Uncategorized,-22.91,Posted
2024-09-13,"PayPal Purchase","PAYPAL           INST XFER  ***********LATE",Uncategorized,-11.96,Posted
2024-09-13,"PayPal Purchase","PAYPAL           INST XFER  ***********LATE",Uncategorized,-3.96,Posted
2024-09-13,"Shell","SHELL SERVICE STATION    KATY         TX",Gas,-46.37,Posted
2024-09-13,"US Postal Service","USPS PO 48457704 5701 4  KATY         TX",Shipping,-25.87,Posted
2024-09-13,"Humble Grounds Coff","TST*HUMBLE GROUNDS COFF  Katy         TX",Groceries,-21.17,Posted
2024-09-13,"Alkami Technolog Direct Pay","ALKAMI TECHNOLOG DIRECT-PAY ***********0408",Uncategorized,1231.77,Posted
2024-09-12,"Amazon","Amazon.com*NV0I38ET3     Amzn.com/billWA",Shopping,-24.41,Posted
2024-09-12,"Amazon","Amazon.com*Q41XQ4B63     Amzn.com/billWA",Shopping,-12.30,Posted
2024-09-12,"McDonald's","MCDONALD'S F13012        KATY         TX",Fast Food,-11.24,Posted
2024-09-12,"Oakville","OBSIDIAN.MD              OAKVILLE     ON",Shopping,-10.10,Posted
2024-09-12,"Ott Dropout Dropca","OTT* DROPOUT             HTTPSWWW.DROPCA",Utilities,-5.99,Posted
2024-09-12,"Alkami Tech Payroll","ALKAMI TECH      PAYROLL    ***********0993",Paycheck,5174.55,Posted
2024-09-11,"H-E-B #797               KATY         TX","H-E-B #797               KATY         TX",Category Pending,-87.00,Posted
2024-09-11,"MCDONALD'S F13012        KATY         TX","MCDONALD'S F13012        KATY         TX",Category Pending,-29.04,Posted
2024-09-11,"STEAMGAMES.COM 42595229  425-8899642  WA","STEAMGAMES.COM 42595229  425-8899642  WA",Category Pending,-14.99,Posted
